example_id,domain,model,initial_trace,checker_feedback,tracepatch_localization,tracepatch_output,full_regeneration_output,self_correction_output,prefix_actually_correct,localization_reasonable,tracepatch_preserved_prefix,full_regen_damaged_prefix,notes
code_04,code,Qwen/Qwen2.5-7B-Instruct,"{""code"": ""def is_palindrome(text):\n    return text.lower().replace(' ', '') == text.lower()[::-1]"", ""final_answer"": ""The function checks if a given text is a palindrome, ignoring case and spaces."", ""json"": {""code"": ""def is_palindrome(text):\n    return text.lower().replace(' ', '') == text.lower()[::-1]"", ""final_answer"": ""The function checks if a given text is a palindrome, ignoring case and spaces."", ""trace"": [{""step_id"": 1, ""text"": ""Define the function is_palindrome that takes a single argument text.""}, {""step_id"": 2, ""text"": ""Convert the text to lower case to ignore case differences.""}, {""step_id"": 3, ""text"": ""Remove all spaces from the text.""}, {""step_id"": 4, ""text"": ""Check if the processed text is equal to its reverse.""}]}, ""parse_ok"": true, ""trace"": [{""step_id"": 1, ""text"": ""Define the function is_palindrome that takes a single argument text.""}, {""step_id"": 2, ""text"": ""Convert the text to lower case to ignore case differences.""}, {""step_id"": 3, ""text"": ""Remove all spaces from the text.""}, {""step_id"": 4, ""text"": ""Check if the processed text is equal to its reverse.""}]}","Failing test: {'test_index': 0, 'input': 'Never odd or even', 'expected': True, 'actual': False}","{""correct_prefix_step_ids"": [1, 2, 3], ""correct_prefix_steps"": [{""step_id"": 1, ""text"": ""Define the function is_palindrome that takes a single argument text.""}, {""step_id"": 2, ""text"": ""Convert the text to lower case to ignore case differences.""}, {""step_id"": 3, ""text"": ""Remove all spaces from the text.""}], ""domain"": ""code"", ""example_id"": ""code_04"", ""faulty_span"": {""end_step_id"": 4, ""start_step_id"": 4}, ""faulty_span_text"": ""Check if the processed text is equal to its reverse."", ""localization_reason"": ""The reversal of the string should be compared with the processed string directly without reprocessing it."", ""model"": ""Qwen/Qwen2.5-7B-Instruct"", ""parse_ok"": true, ""raw"": ""```json\n{\n  \""faulty_span\"": {\n    \""start_step_id\"": 4,\n    \""end_step_id\"": 4\n  },\n  \""correct_prefix_step_ids\"": [1, 2, 3],\n  \""localization_reason\"": \""The reversal of the string should be compared with the processed string directly without reprocessing it.\""\n}\n```"", ""system"": ""tracepatch_localize""}","```json
{
  ""trace"": [
    {""step_id"": 1, ""text"": ""Define the function is_palindrome that takes a single argument text.""},
    {""step_id"": 2, ""text"": ""Convert the text to lower case to ignore case differences.""},
    {""step_id"": 3, ""text"": ""Remove all spaces from the text.""},
    {""step_id"": 4, ""text"": ""Check if the processed text is equal to its reverse.""}
  ],
  ""final_answer"": ""Passes all tests including the failing one provided."",
  ""code"": ""def is_palindrome(text):\n    # Convert the text to lower case\n    text = text.lower()\n    # Remove all spaces from the text\n    text = text.replace(' ', '')\n    # Check if the processed text is equal to its reverse\n    return text == text[::-1]""
}
```","```json
{
  ""trace"": [
    {
      ""step_id"": 1,
      ""text"": ""Define the function is_palindrome that takes a single argument text.""
    },
    {
      ""step_id"": 2,
      ""text"": ""Convert the text to lower case to ignore case differences.""
    },
    {
      ""step_id"": 3,
      ""text"": ""Remove all spaces from the text.""
    },
    {
      ""step_id"": 4,
      ""text"": ""Check if the processed text is equal to its reverse.""
    },
    {
      ""step_id"": 5,
      ""text"": ""Return True if it's a palindrome, otherwise return False.""
    }
  ],
  ""final_answer"": ""The function correctly identifies palindromes after removing spaces and ignoring case."",
  ""code"": ""def is_palindrome(text):\n    # Convert text to lower case\n    text = text.lower()\n    # Remove all spaces\n    text = text.replace(' ', '')\n    # Check if the text is equal to its reverse\n    return text == text[::-1]""
}
```","{""trace"":[{""step_id"":1,""text"":""Define the function is_palindrome that takes a single argument text.""},{""step_id"":2,""text"":""Convert the text to lower case to ignore case differences.""},{""step_id"":3,""text"":""Remove all spaces from the text.""},{""step_id"":4,""text"":""Check if the processed text is equal to its reverse.""}], ""final_answer"": ""The function checks if a given text is a palindrome, ignoring case and spaces."", ""code"": ""def is_palindrome(text):\n    return text.lower().replace(' ', '') == text.lower()[::-1].replace(' ', '')""}",,,,,
code_17,code,Qwen/Qwen2.5-7B-Instruct,"{""code"": ""def rotate_left_one(items):\n    if not items:\n        return []\n    new_list = [items[-1]] + items[:-1]\n    return new_list"", ""final_answer"": ""The function rotates a given list to the left by one position."", ""json"": {""code"": ""def rotate_left_one(items):\n    if not items:\n        return []\n    new_list = [items[-1]] + items[:-1]\n    return new_list"", ""final_answer"": ""The function rotates a given list to the left by one position."", ""trace"": [{""step_id"": 1, ""text"": ""Define the function rotate_left_one that takes a list items as input.""}, {""step_id"": 2, ""text"": ""Check if the list is empty. If it is, return an empty list.""}, {""step_id"": 3, ""text"": ""Create a new list and move the first element to the end of this new list.""}, {""step_id"": 4, ""text"": ""Concatenate the rest of the original list to the new list.""}, {""step_id"": 5, ""text"": ""Return the new list.""}]}, ""parse_ok"": true, ""trace"": [{""step_id"": 1, ""text"": ""Define the function rotate_left_one that takes a list items as input.""}, {""step_id"": 2, ""text"": ""Check if the list is empty. If it is, return an empty list.""}, {""step_id"": 3, ""text"": ""Create a new list and move the first element to the end of this new list.""}, {""step_id"": 4, ""text"": ""Concatenate the rest of the original list to the new list.""}, {""step_id"": 5, ""text"": ""Return the new list.""}]}","Failing test: {'test_index': 0, 'input': [1, 2, 3], 'expected': [2, 3, 1], 'actual': [3, 1, 2]}","{""correct_prefix_step_ids"": [1, 2], ""correct_prefix_steps"": [{""step_id"": 1, ""text"": ""Define the function rotate_left_one that takes a list items as input.""}, {""step_id"": 2, ""text"": ""Check if the list is empty. If it is, return an empty list.""}], ""domain"": ""code"", ""example_id"": ""code_17"", ""faulty_span"": {""end_step_id"": 4, ""start_step_id"": 3}, ""faulty_span_text"": ""Create a new list and move the first element to the end of this new list. Concatenate the rest of the original list to the new list."", ""localization_reason"": ""The faulty span starts from step 3 where the first element is moved to the end of the new list, and ends at step 4 where the rest of the original list is concatenated. The error occurs because the first element should be moved to the beginning of the new list, not the end."", ""model"": ""Qwen/Qwen2.5-7B-Instruct"", ""parse_ok"": true, ""raw"": ""```json\n{\n  \""faulty_span\"": {\n    \""start_step_id\"": 3,\n    \""end_step_id\"": 4\n  },\n  \""correct_prefix_step_ids\"": [\n    1,\n    2\n  ],\n  \""localization_reason\"": \""The faulty span starts from step 3 where the first element is moved to the end of the new list, and ends at step 4 where the rest of the original list is concatenated. The error occurs because the first element should be moved to the beginning of the new list, not the end.\""\n}\n```"", ""system"": ""tracepatch_localize""}","```json
{
  ""trace"": [
    {
      ""step_id"": 1,
      ""text"": ""Define the function rotate_left_one that takes a list items as input.""
    },
    {
      ""step_id"": 2,
      ""text"": ""Check if the list is empty. If it is, return an empty list.""
    },
    {
      ""step_id"": 3,
      ""text"": ""Create a new list and move the first element to the end of this new list. Concatenate the rest of the original list to the new list.""
    }
  ],
  ""final_answer"": ""Implement the function according to the steps provided."",
  ""code"": ""def rotate_left_one(items):\n    if not items:\n        return []\n    else:\n        return items[1:] + [items[0]]""
}
```","```json
{
  ""trace"": [
    {
      ""step_id"": 1,
      ""text"": ""Define the function rotate_left_one that takes a list items as input.""
    },
    {
      ""step_id"": 2,
      ""text"": ""Check if the list is empty. If it is, return the list as is.""
    },
    {
      ""step_id"": 3,
      ""text"": ""If the list is not empty, create a new list where the first element is moved to the end.""
    },
    {
      ""step_id"": 4,
      ""text"": ""Return the new list.""
    }
  ],
  ""final_answer"": ""The function correctly rotates the list to the left by one position."",
  ""code"": ""def rotate_left_one(items):\n    if not items:\n        return items\n    return items[1:] + [items[0]]""
}
```","{""trace"":[{""step_id"":1,""text"":""Define the function rotate_left_one that takes a list items as input.""},{""step_id"":2,""text"":""Check if the list is empty. If it is, return an empty list.""},{""step_id"":3,""text"":""Create a new list and move the first element to the end of this new list.""},{""step_id"":4,""text"":""Concatenate the rest of the original list to the new list.""},{""step_id"":5,""text"":""Return the new list.""}], ""final_answer"":""The function rotates a given list to the left by one position."", ""code"":""def rotate_left_one(items):\n    if not items:\n        return []\n    new_list = items[1:] + [items[0]]\n    return new_list""}",,,,,
code_01,code,mistralai/Mistral-7B-Instruct-v0.3,"{""code"": ""def count_vowels(text):\n    count = 0\n    for char in text:\n        if char in 'aeiou':\n            count += 1\n    return count"", ""final_answer"": ""Count the number of vowels in a given string."", ""json"": {""code"": ""def count_vowels(text):\n    count = 0\n    for char in text:\n        if char in 'aeiou':\n            count += 1\n    return count"", ""final_answer"": ""Count the number of vowels in a given string."", ""trace"": [{""step_id"": 1, ""text"": ""Initialize the function count_vowels(text) that takes a string as an argument.""}, {""step_id"": 2, ""text"": ""Initialize a variable count to 0.""}, {""step_id"": 3, ""text"": ""Iterate through each character in the input string.""}, {""step_id"": 4, ""text"": ""Check if the current character is one of the vowels (aeiou) using the in keyword.""}, {""step_id"": 5, ""text"": ""If the character is a vowel, increment the count variable.""}, {""step_id"": 6, ""text"": ""After the loop, return the count variable.""}]}, ""parse_ok"": true, ""trace"": [{""step_id"": 1, ""text"": ""Initialize the function count_vowels(text) that takes a string as an argument.""}, {""step_id"": 2, ""text"": ""Initialize a variable count to 0.""}, {""step_id"": 3, ""text"": ""Iterate through each character in the input string.""}, {""step_id"": 4, ""text"": ""Check if the current character is one of the vowels (aeiou) using the in keyword.""}, {""step_id"": 5, ""text"": ""If the character is a vowel, increment the count variable.""}, {""step_id"": 6, ""text"": ""After the loop, return the count variable.""}]}","Failing test: {'test_index': 0, 'input': 'Apple', 'expected': 2, 'actual': 1}","{""correct_prefix_step_ids"": [], ""correct_prefix_steps"": [], ""domain"": ""code"", ""example_id"": ""code_01"", ""faulty_span"": {""end_step_id"": 1, ""start_step_id"": 1}, ""faulty_span_text"": ""Initialize the function count_vowels(text) that takes a string as an argument."", ""localization_reason"": """", ""model"": ""mistralai/Mistral-7B-Instruct-v0.3"", ""parse_ok"": false, ""raw"": ""The provided solution has a faulty span from step 4 to step 6. The issue is that the solution is case-sensitive, which contradicts the problem statement. The solution should be case-insensitive.\n\nHere's the corrected solution:\n\n```json\n{\""parse_ok\"": true, \""trace\"": [{\""step_id\"": 1, \""text\"": \""Initialize the function count_vowels(text) that takes a string as an argument.\""}, {\""step_id\"": 2, \""text\"": \""Initialize a variable count to 0.\""}, {\""step_id\"": 3, \""text\"": \""Iterate through each character in the input string.\""}, {\""step_id\"": 4, \""text\"": \""Check if the current character is one of the vowels (aeiou) using the in keyword. Convert the character to lowercase before checking.\""}, {\"""", ""system"": ""tracepatch_localize""}","{
  ""trace"": [
    {
      ""step_id"": 1,
      ""text"": ""Initialize the function count_vowels(text) that takes a string as an argument.""
    },
    {
      ""step_id"": 2,
      ""text"": ""Initialize a variable to store the count of vowels.""
    },
    {
      ""step_id"": 3,
      ""text"": ""Iterate through each character in the input string.""
    },
    {
      ""step_id"": 4,
      ""text"": ""Check if the current character is a vowel (case-insensitive).""
    },
    {
      ""step_id"": 5,
      ""text"": ""If it is a vowel, increment the vowel count.""
    },
    {
      ""step_id"": 6,
      ""text"": ""Return the final vowel count.""
    }
  ],
  ""final_answer"": ""def count_vowels(text):\n    vowel_count = 0\n    for char in text:\n        if char in ['a', 'e', 'i', 'o', 'u'] or char in ['A', 'E', 'I', 'O', 'U']:\n            vowel_count += 1\n    return vowel_count"",
  ""code"": ""def count_vowels(text):\n    vowel_count = 0\n    for char in text:\n        if char in ['a', 'e', 'i', 'o', 'u'] or char in ['A', 'E', 'I',","{
  ""trace"": [
    {
      ""step_id"": 1,
      ""text"": ""Initialize a counter for vowels.""
    },
    {
      ""step_id"": 2,
      ""text"": ""Iterate through each character in the input text.""
    },
    {
      ""step_id"": 3,
      ""text"": ""Check if the character is a vowel (case-insensitive).""
    },
    {
      ""step_id"": 4,
      ""text"": ""If it is, increment the counter.""
    },
    {
      ""step_id"": 5,
      ""text"": ""Return the final count of vowels.""
    }
  ],
  ""final_answer"": ""def count_vowels(text):\n    vowels = 0\n    for char in text:\n        if char in ['a', 'e', 'i', 'o', 'u'] or char in ['A', 'E', 'I', 'O', 'U']:\n            vowels += 1\n    return vowels"",
  ""code"": ""count_vowels""
}","{
  ""trace"": [
    {
      ""step_id"": 1,
      ""text"": ""Initialize the function `count_vowels(text)` that takes a string as an argument. Convert the input string to lowercase before processing.""
    },
    {
      ""step_id"": 2,
      ""text"": ""Initialize a variable `count` to 0.""
    },
    {
      ""step_id"": 3,
      ""text"": ""Iterate through each character in the lowercase input string.""
    },
    {
      ""step_id"": 4,
      ""text"": ""Check if the current character is one of the vowels (aeiou) using the `in` keyword. Case-insensitive comparison is used.""
    },
    {
      ""step_id"": 5,
      ""text"": ""If the character is a vowel, increment the `count` variable.""
    },
    {
      ""step_id"": 6,
      ""text"": ""After the loop, return the `count` variable.""
    }
  ],
  ""final_answer"": ""Count the number of vowels in a given string, case-insensitive."",
  ""code"": ""def count_vowels(text):\n    text = text.lower()\n    count = 0\n    for char in text:\n        if char in 'aeiou':\n            count += 1\n    return count""
}",,,,,
code_02,code,mistralai/Mistral-7B-Instruct-v0.3,"{""code"": ""def last_positive(nums):\n    last_positive_found = None\n    for num in reversed(nums):\n        if num > 0:\n            last_positive_found = num\n    return last_positive_found"", ""final_answer"": ""The last positive number in the list, or None if none exists."", ""json"": {""code"": ""def last_positive(nums):\n    last_positive_found = None\n    for num in reversed(nums):\n        if num > 0:\n            last_positive_found = num\n    return last_positive_found"", ""final_answer"": ""The last positive number in the list, or None if none exists."", ""trace"": [{""step_id"": 1, ""text"": ""Initialize a variable `last_positive` as a function that takes a list `nums` as an argument.""}, {""step_id"": 2, ""text"": ""Initialize a variable `last_positive_found` with a default value of `None`.""}, {""step_id"": 3, ""text"": ""Iterate through the list `nums` in reverse order.""}, {""step_id"": 4, ""text"": ""For each number `num` in the iteration, if `num` is greater than zero, update `last_positive_found` with the current number.""}, {""step_id"": 5, ""text"": ""After the iteration, return `last_positive_found`.""}]}, ""parse_ok"": true, ""trace"": [{""step_id"": 1, ""text"": ""Initialize a variable `last_positive` as a function that takes a list `nums` as an argument.""}, {""step_id"": 2, ""text"": ""Initialize a variable `last_positive_found` with a default value of `None`.""}, {""step_id"": 3, ""text"": ""Iterate through the list `nums` in reverse order.""}, {""step_id"": 4, ""text"": ""For each number `num` in the iteration, if `num` is greater than zero, update `last_positive_found` with the current number.""}, {""step_id"": 5, ""text"": ""After the iteration, return `last_positive_found`.""}]}","Failing test: {'test_index': 0, 'input': [-1, 2, 0, 5], 'expected': 5, 'actual': 2}","{""correct_prefix_step_ids"": [], ""correct_prefix_steps"": [], ""domain"": ""code"", ""example_id"": ""code_02"", ""faulty_span"": {""end_step_id"": 1, ""start_step_id"": 1}, ""faulty_span_text"": ""Initialize a variable `last_positive` as a function that takes a list `nums` as an argument."", ""localization_reason"": """", ""model"": ""mistralai/Mistral-7B-Instruct-v0.3"", ""parse_ok"": false, ""raw"": ""To identify the earliest faulty span in the initial trace, we need to understand the problem and the checker feedback. The problem is to find the last positive number in a list, and the checker feedback shows a test case where the function returns 2 instead of the expected 5.\n\nThe faulty span in the trace is the iteration part of the function, where the numbers are being processed. The correct numbers are being processed in reverse order, but the comparison is not correct. Instead of comparing with 0, it should compare with negative numbers to find the last positive number.\n\nHere is the JSON with the faulty span, correct prefix step ids, and localization reason:\n\n```json\n{\n  \""faulty_span\"": {\n    \""start_step_id\"": 4,\n    \""end_step_id\"": 5\n  },\n  \""correct_prefix_"", ""system"": ""tracepatch_localize""}","{
  ""trace"": [
    {
      ""step_id"": 1,
      ""text"": ""Initialize a variable `last_positive` as a function that takes a list `nums` as an argument.""
    },
    {
      ""step_id"": 2,
      ""text"": ""Initialize a variable `last_positive_found` to None.""
    },
    {
      ""step_id"": 3,
      ""text"": ""Iterate through the list `nums` from the end.""
    },
    {
      ""step_id"": 4,
      ""text"": ""If the current number `num` is positive, update `last_positive_found` to `num`.""
    },
    {
      ""step_id"": 5,
      ""text"": ""If `last_positive_found` is not None, return it. Otherwise, return None.""
    }
  ],
  ""final_answer"": ""last_positive = lambda nums: (next((i for i in reversed(nums) if i > 0), None) if nums else None)"",
  ""code"": ""last_positive = lambda nums: (next((i for i in reversed(nums) if i > 0), None) if nums else None)""
}","{
  ""trace"": [
    {
      ""step_id"": 1,
      ""text"": ""Initialize a variable `last_positive` to `None`""
    },
    {
      ""step_id"": 2,
      ""text"": ""Iterate through the list `nums`""
    },
    {
      ""step_id"": 3,
      ""text"": ""If the current number `num` is positive, update `last_positive` to `num`""
    },
    {
      ""step_id"": 4,
      ""text"": ""After the loop, return `last_positive`""
    }
  ],
  ""final_answer"": ""def last_positive(nums):\n    last_positive = None\n    for num in nums:\n        if num > 0:\n            last_positive = num\n    return last_positive"",
  ""code"": ""def last_positive(nums):\n    last_positive = None\n    for num in nums:\n        if num > 0:\n            last_positive = num\n    return last_positive""
}","{
  ""trace"": [
    {
      ""step_id"": 1,
      ""text"": ""Initialize a variable `last_positive` as a function that takes a list `nums` as an argument. Initialize a variable `last_positive_found` with a default value of `None`. Iterate through the list `nums` in reverse order. For each number `num` in the iteration, if `num` is greater than zero, update `last_positive_found` with the current number. After the iteration, return `last_positive_found`.""
    }
  ],
  ""final_answer"": ""The last positive number in the list, or None if none exists."",
  ""code"": ""def last_positive(nums):\n    last_positive_found = None\n    for num in reversed(nums):\n        if num > 0:\n            last_positive_found = num\n    return last_positive_found""
}",,,,,
code_04,code,mistralai/Mistral-7B-Instruct-v0.3,"{""code"": ""import functools\n\ndef normalize(text):\n    return functools.reduce(lambda x, y: x.lower().replace(y, ''), (' ', '\t', '\n'), text)\n\ndef is_palindrome(text):\n    normalized_text = normalize(text)\n    return normalized_text == normalized_text[::-1]"", ""final_answer"": ""Checks if a given text is a palindrome after removing spaces and ignoring case."", ""json"": {""code"": ""import functools\n\ndef normalize(text):\n    return functools.reduce(lambda x, y: x.lower().replace(y, ''), (' ', '\t', '\n'), text)\n\ndef is_palindrome(text):\n    normalized_text = normalize(text)\n    return normalized_text == normalized_text[::-1]"", ""final_answer"": ""Checks if a given text is a palindrome after removing spaces and ignoring case."", ""trace"": [{""step_id"": 1, ""text"": ""Define the function is_palindrome(text).""}, {""step_id"": 2, ""text"": ""Import the necessary function to normalize the text.""}, {""step_id"": 3, ""text"": ""Create a helper function to remove spaces and convert to lowercase.""}, {""step_id"": 4, ""text"": ""Check if the normalized text is equal to its reverse.""}, {""step_id"": 5, ""text"": ""Return True if equal, False otherwise.""}]}, ""parse_ok"": true, ""trace"": [{""step_id"": 1, ""text"": ""Define the function is_palindrome(text).""}, {""step_id"": 2, ""text"": ""Import the necessary function to normalize the text.""}, {""step_id"": 3, ""text"": ""Create a helper function to remove spaces and convert to lowercase.""}, {""step_id"": 4, ""text"": ""Check if the normalized text is equal to its reverse.""}, {""step_id"": 5, ""text"": ""Return True if equal, False otherwise.""}]}","Failing test: {'exception': 'SyntaxError', 'message': 'unterminated string literal (detected at line 4) (<string>, line 4)', 'traceback': 'Traceback (most recent call last):\n  File ""<string>"", line 7, in <module>\n  File ""<string>"", line 4\n    return functools.reduce(lambda x, y: x.lower().replace(y, \'\'), (\' \', \'\t\', \'\n                                                                          \t   ^\nSyntaxError: unterminated string literal (detected at line 4)\n'}","{""correct_prefix_step_ids"": [], ""correct_prefix_steps"": [], ""domain"": ""code"", ""example_id"": ""code_04"", ""faulty_span"": {""end_step_id"": 1, ""start_step_id"": 1}, ""faulty_span_text"": ""Define the function is_palindrome(text)."", ""localization_reason"": """", ""model"": ""mistralai/Mistral-7B-Instruct-v0.3"", ""parse_ok"": false, ""raw"": ""The faulty span in the initial trace is the line 4 of the code block in the \""code\"" field. The string literal is not properly terminated.\n\nHere is the corrected JSON:\n\n```json\n{\n  \""faulty_span\"": {\n    \""start_step_id\"": 3,\n    \""end_step_id\"": 5,\n  },\n  \""correct_prefix_step_ids\"": [1, 2],\n  \""localization_reason\"": \""The code in step 3 has a syntax error due to an unterminated string literal.\""\n}\n```"", ""system"": ""tracepatch_localize""}","{
  ""trace"": [
    {
      ""step_id"": 1,
      ""text"": ""Define the function is_palindrome(text).""
    },
    {
      ""step_id"": 2,
      ""text"": ""Return True if text is a palindrome after removing spaces and ignoring case.""
    },
    {
      ""step_id"": 3,
      ""text"": ""Import the functools module.""
    },
    {
      ""step_id"": 4,
      ""text"": ""Implement the function using functools.reduce and lambda function.""
    }
  ],
  ""final_answer"": ""```\ndef is_palindrome(text):\n    text = text.lower().replace(' ', '').replace('\t', '').replace('\n', '')\n    return functools.reduce(lambda x, y: x == y[::-1], text, '')\n```""
}","{
  ""trace"": [
    {
      ""step_id"": 1,
      ""text"": ""Define the function is_palindrome using lambda function""
    },
    {
      ""step_id"": 2,
      ""text"": ""Import the functools module for reduce function""
    },
    {
      ""step_id"": 3,
      ""text"": ""Initialize the function with lambda, taking two arguments x and y""
    },
    {
      ""step_id"": 4,
      ""text"": ""Inside the lambda function, convert x to lowercase and replace y with an empty string""
    },
    {
      ""step_id"": 5,
      ""text"": ""Use functools.reduce to iterate over the text, removing spaces, tabs, and newlines""
    },
    {
      ""step_id"": 6,
      ""text"": ""Compare the reduced string with the reversed version of the reduced string""
    },
    {
      ""step_id"": 7,
      ""text"": ""Return True if both strings are equal, otherwise False""
    }
  ],
  ""final_answer"": ""is_palindrome = lambda text: text and text == text[::-1] or not text"",
  ""code"": ""import functools\n\nis_palindrome = lambda text: functools.reduce(lambda x, y: x.lower().replace(y, ''), (' ', '\t', '\n')) == functools.reduce(lambda x, y: x.lower().replace(y, ''), list(reversed(functools.reduce(lambda x, y: x.lower().replace(y, ''), (' ', '\t', '\n'), text)))""","{
  ""trace"": [
    {
      ""step_id"": 1,
      ""text"": ""Define the function `is_palindrome(text)`. Return `True` if text is a palindrome after removing spaces and ignoring case. Return `False` otherwise.""
    },
    {
      ""step_id"": 2,
      ""text"": ""Create a helper function `normalize(text)` to remove spaces and convert to lowercase.""
    },
    {
      ""step_id"": 3,
      ""text"": ""Inside the `normalize(text)` function, use `str.translate()` to remove spaces and tabs, and `str.maketrans()` to create a translation table.""
    },
    {
      ""step_id"": 4,
      ""text"": ""Inside the `is_palindrome(text)` function, normalize the input text using the `normalize(text)` function.""
    },
    {
      ""step_id"": 5,
      ""text"": ""Reverse the normalized text using slicing and compare it with the original normalized text.""
    },
    {
      ""step_id"": 6,
      ""text"": ""Return `True` if they are equal, `False` otherwise.""
    }
  ],
  ""final_answer"": ""Checks if a given text is a palindrome after removing spaces and ignoring case."",
  ""code"": ""import functools\n\ndef normalize(text):\n    translator = str.maketrans(' ', '')\n    return text.translate(translator)\n\ndef is_palindrome",,,,,
code_11,code,mistralai/Mistral-7B-Instruct-v0.3,"{""code"": ""def has_pair_sum(nums, target):\n    numbers_set = set(nums)\n    for num in nums:\n        if num + target in numbers_set and num != target:\n            return True\n    return False"", ""final_answer"": ""Returns True if any two distinct numbers in the list sum to the target, otherwise False."", ""json"": {""code"": ""def has_pair_sum(nums, target):\n    numbers_set = set(nums)\n    for num in nums:\n        if num + target in numbers_set and num != target:\n            return True\n    return False"", ""final_answer"": ""Returns True if any two distinct numbers in the list sum to the target, otherwise False."", ""trace"": [{""step_id"": 1, ""text"": ""Initialize an empty set to store unique numbers.""}, {""step_id"": 2, ""text"": ""Iterate through the list of numbers.""}, {""step_id"": 3, ""text"": ""For each number, subtract the target from it and check if the difference is in the set.""}, {""step_id"": 4, ""text"": ""If the difference is found, return True.""}, {""step_id"": 5, ""text"": ""If the loop finishes without finding a pair, return False.""}]}, ""parse_ok"": true, ""trace"": [{""step_id"": 1, ""text"": ""Initialize an empty set to store unique numbers.""}, {""step_id"": 2, ""text"": ""Iterate through the list of numbers.""}, {""step_id"": 3, ""text"": ""For each number, subtract the target from it and check if the difference is in the set.""}, {""step_id"": 4, ""text"": ""If the difference is found, return True.""}, {""step_id"": 5, ""text"": ""If the loop finishes without finding a pair, return False.""}]}","Failing test: {'test_index': 0, 'input': {'__args__': [[2, 4, 7], 6]}, 'expected': True, 'actual': False}","{""correct_prefix_step_ids"": [1, 2], ""correct_prefix_steps"": [{""step_id"": 1, ""text"": ""Initialize an empty set to store unique numbers.""}, {""step_id"": 2, ""text"": ""Iterate through the list of numbers.""}], ""domain"": ""code"", ""example_id"": ""code_11"", ""faulty_span"": {""end_step_id"": 4, ""start_step_id"": 3}, ""faulty_span_text"": ""For each number, subtract the target from it and check if the difference is in the set. If the difference is found, return True."", ""localization_reason"": ""The check for the difference being in the set should be done after the current number is checked."", ""model"": ""mistralai/Mistral-7B-Instruct-v0.3"", ""parse_ok"": true, ""raw"": ""The issue in the initial trace lies in the order of the loop and the check. The loop iterates through the numbers in the list, but the check for the difference being in the set is done before the current number is checked. This means that if a number is the difference of two other numbers, it will not be found in the set and the function will return False.\n\nTo fix this, the check for the difference being in the set should be done after the current number is checked. Here is the corrected function:\n\n```json\n{\""faulty_span\"":{\""start_step_id\"":3,\""end_step_id\"":4},\""correct_prefix_step_ids\"":[1, 2],\""localization_reason\"":\""The check for the difference being in the set should be done after the current number is checked.\""}\n```\n\nAnd the corrected function:\n\n```"", ""system"": ""tracepatch_localize""}","{
  ""trace"": [
    {
      ""step_id"": 1,
      ""text"": ""Initialize an empty set to store unique numbers.""
    },
    {
      ""step_id"": 2,
      ""text"": ""Iterate through the list of numbers.""
    },
    {
      ""step_id"": 3,
      ""text"": ""For each number, create a tuple with the number and its complement (target - number).""
    },
    {
      ""step_id"": 4,
      ""text"": ""Check if the complement tuple is in the set. If it is, return True.""
    },
    {
      ""step_id"": 5,
      ""text"": ""If the complement is not found, add the number to the set.""
    },
    {
      ""step_id"": 6,
      ""text"": ""After iterating through all numbers, if no pair summing to the target has been found, return False.""
    }
  ],
  ""final_answer"": ""def has_pair_sum(nums, target):\n    num_set = set()\n    for num in nums:\n        complement = (target - num, num)\n        if complement in num_set:\n            return True\n        num_set.add(num)\n    return False"",
  ""code"": ""def has_pair_sum(nums, target):\n    num_set = set()\n    for num in nums:\n        complement = (target - num, num)\n        if complement in num_set:\n            return True\n        num_set.add(num)\n    return False","{
  ""trace"": [
    {
      ""step_id"": 1,
      ""text"": ""Initialize an empty set to store numbers we've seen.""
    },
    {
      ""step_id"": 2,
      ""text"": ""Iterate through the list of numbers.""
    },
    {
      ""step_id"": 3,
      ""text"": ""For each number, check if its complement (target - current number) is in the set.""
    },
    {
      ""step_id"": 4,
      ""text"": ""If the complement is found, return True.""
    },
    {
      ""step_id"": 5,
      ""text"": ""If we've checked all numbers and haven't found a pair, return False.""
    }
  ],
  ""final_answer"": ""def has_pair_sum(nums, target):\n    seen = set()\n    for num in nums:\n        if target - num in seen:\n            return True\n        seen.add(num)\n    return False"",
  ""code"": ""def has_pair_sum(nums, target):\n    seen = set()\n    for num in nums:\n        if target - num in seen:\n            return True\n        seen.add(num)\n    return False""
}","{
  ""trace"": [
    {
      ""step_id"": 1,
      ""text"": ""Initialize an empty set to store unique numbers.""
    },
    {
      ""step_id"": 2,
      ""text"": ""Sort the list of numbers.""
    },
    {
      ""step_id"": 3,
      ""text"": ""Iterate through the sorted list of numbers.""
    },
    {
      ""step_id"": 4,
      ""text"": ""For each number, check if the number and the next number (if any) sum to the target.""
    },
    {
      ""step_id"": 5,
      ""text"": ""If a pair summing to the target is found, return True.""
    },
    {
      ""step_id"": 6,
      ""text"": ""If the loop finishes without finding a pair, return False.""
    }
  ],
  ""final_answer"": ""Returns True if any two distinct numbers in the list sum to the target, otherwise False."",
  ""code"": ""def has_pair_sum(nums, target):\n    nums.sort()\n    for i in range(len(nums) - 1):\n        if nums[i] + nums[i + 1] == target: \n            return True\n    return False""
}",,,,,
code_12,code,mistralai/Mistral-7B-Instruct-v0.3,"{""code"": ""def strip_suffix(text, suffix):\n    if text.endswith(suffix):\n        return text[:-len(suffix)]\n    else:\n        return text"", ""final_answer"": ""Removes the given suffix from the text if it exists."", ""json"": {""code"": ""def strip_suffix(text, suffix):\n    if text.endswith(suffix):\n        return text[:-len(suffix)]\n    else:\n        return text"", ""final_answer"": ""Removes the given suffix from the text if it exists."", ""trace"": [{""step_id"": 1, ""text"": ""Define the function with the given parameters.""}, {""step_id"": 2, ""text"": ""Check if the text ends with the given suffix.""}, {""step_id"": 3, ""text"": ""If it does, remove the suffix and return the modified text.""}, {""step_id"": 4, ""text"": ""If it doesn't, return the original text.""}]}, ""parse_ok"": true, ""trace"": [{""step_id"": 1, ""text"": ""Define the function with the given parameters.""}, {""step_id"": 2, ""text"": ""Check if the text ends with the given suffix.""}, {""step_id"": 3, ""text"": ""If it does, remove the suffix and return the modified text.""}, {""step_id"": 4, ""text"": ""If it doesn't, return the original text.""}]}","Failing test: {'test_index': 2, 'input': {'__args__': ['test', '']}, 'expected': 'test', 'actual': ''}","{""correct_prefix_step_ids"": [], ""correct_prefix_steps"": [], ""domain"": ""code"", ""example_id"": ""code_12"", ""faulty_span"": {""end_step_id"": 1, ""start_step_id"": 1}, ""faulty_span_text"": ""Define the function with the given parameters."", ""localization_reason"": """", ""model"": ""mistralai/Mistral-7B-Instruct-v0.3"", ""parse_ok"": false, ""raw"": ""To identify the earliest faulty span in the initial trace, we need to analyze the given trace and checker feedback. The checker feedback indicates that the function `strip_suffix` is not returning the expected output for the test case with input `{'__args__': ['test', '']}`.\n\nThe expected output is 'test', but the actual output is ''. This means that the function is not correctly handling the case when the input string does not have the given suffix.\n\nIn the initial trace, the function correctly defines the function and checks if the text ends with the given suffix. However, it fails to handle the case when the text does not have the suffix, which is the reason for the failing test.\n\nBased on this analysis, the faulty span is the part of the trace where the function should have included a condition to handle the case when the text does not have the given suffix.\n\n"", ""system"": ""tracepatch_localize""}","{
  ""trace"": [
    {
      ""step_id"": 1,
      ""text"": ""Define the function with the given parameters.""
    },
    {
      ""step_id"": 2,
      ""text"": ""Check if the text ends with the suffix.""
    },
    {
      ""step_id"": 3,
      ""text"": ""If it does, return the text without the suffix.""
    },
    {
      ""step_id"": 4,
      ""text"": ""If it doesn't, return the text unchanged.""
    }
  ],
  ""final_answer"": ""def strip_suffix(text, suffix):\n  if text.endswith(suffix):\n    return text[:-len(suffix)]\n  else:\n    return text"",
  ""code"": ""def strip_suffix(text, suffix):\n  if text.endswith(suffix):\n    return text[:-len(suffix)]\n  else:\n    return text""
}","{
  ""trace"": [
    {
      ""step_id"": 1,
      ""text"": ""Define the function with the given requirements.""
    },
    {
      ""step_id"": 2,
      ""text"": ""Initialize the function with the given parameters.""
    },
    {
      ""step_id"": 3,
      ""text"": ""Check if the text ends with the given suffix.""
    },
    {
      ""step_id"": 4,
      ""text"": ""If it does, return the text without the suffix.""
    },
    {
      ""step_id"": 5,
      ""text"": ""If it doesn't, return the text unchanged.""
    }
  ],
  ""final_answer"": ""def strip_suffix(text, suffix):\n    if text.endswith(suffix):\n        return text[:-len(suffix)]\n    else:\n        return text"",
  ""code"": ""def strip_suffix(text, suffix):\n    if text.endswith(suffix):\n        return text[:-len(suffix)]\n    else:\n        return text""
}","{
  ""trace"": [
    {
      ""step_id"": 1,
      ""text"": ""Define the function `strip_suffix(text, suffix)` that returns the text without the suffix if it ends with the suffix; otherwise returns the text unchanged.""
    },
    {
      ""step_id"": 2,
      ""text"": ""Check if the text ends with the given suffix.""
    },
    {
      ""step_id"": 3,
      ""text"": ""If it does, return the text without the suffix.""
    },
    {
      ""step_id"": 4,
      ""text"": ""If it doesn't, return the original text.""
    }
  ],
  ""final_answer"": ""Removes the given suffix from the text if it exists."",
  ""code"": ""def strip_suffix(text, suffix):\n    if text.endswith(suffix):\n        return text[:-len(suffix)]\n    else:\n        return text""
}",,,,,
code_13,code,mistralai/Mistral-7B-Instruct-v0.3,"{""code"": ""def max_abs(nums):\n    max_abs_nums = []\n    for num in nums:\n        if abs(num) > max(max_abs_nums) or (abs(num) == max(max_abs_nums) and num not in max_abs_nums):\n            max_abs_nums = [num]\n        elif abs(num) == max(max_abs_nums):\n            max_abs_nums.append(num)\n    return max_abs_nums[0]"", ""final_answer"": ""Returns the number with the largest absolute value, or the first number with the largest absolute value if there are multiple."", ""json"": {""code"": ""def max_abs(nums):\n    max_abs_nums = []\n    for num in nums:\n        if abs(num) > max(max_abs_nums) or (abs(num) == max(max_abs_nums) and num not in max_abs_nums):\n            max_abs_nums = [num]\n        elif abs(num) == max(max_abs_nums):\n            max_abs_nums.append(num)\n    return max_abs_nums[0]"", ""final_answer"": ""Returns the number with the largest absolute value, or the first number with the largest absolute value if there are multiple."", ""trace"": [{""step_id"": 1, ""text"": ""Initialize an empty list to store the numbers with maximum absolute value.""}, {""step_id"": 2, ""text"": ""Iterate through the input list `nums`.""}, {""step_id"": 3, ""text"": ""For each number, calculate its absolute value and compare it with the current maximum absolute value.""}, {""step_id"": 4, ""text"": ""If the current number's absolute value is greater than the current maximum, update the maximum and store the number in the list.""}, {""step_id"": 5, ""text"": ""If the current number's absolute value is equal to the current maximum, store the number in the list.""}, {""step_id"": 6, ""text"": ""After iterating through all numbers, return the first number from the list.""}]}, ""parse_ok"": true, ""trace"": [{""step_id"": 1, ""text"": ""Initialize an empty list to store the numbers with maximum absolute value.""}, {""step_id"": 2, ""text"": ""Iterate through the input list `nums`.""}, {""step_id"": 3, ""text"": ""For each number, calculate its absolute value and compare it with the current maximum absolute value.""}, {""step_id"": 4, ""text"": ""If the current number's absolute value is greater than the current maximum, update the maximum and store the number in the list.""}, {""step_id"": 5, ""text"": ""If the current number's absolute value is equal to the current maximum, store the number in the list.""}, {""step_id"": 6, ""text"": ""After iterating through all numbers, return the first number from the list.""}]}","Failing test: {'exception': 'ValueError', 'message': 'max() arg is an empty sequence', 'traceback': 'Traceback (most recent call last):\n  File ""<string>"", line 14, in <module>\n  File ""<string>"", line 4, in max_abs\nValueError: max() arg is an empty sequence\n'}","{""correct_prefix_step_ids"": [1], ""correct_prefix_steps"": [{""step_id"": 1, ""text"": ""Initialize an empty list to store the numbers with maximum absolute value.""}], ""domain"": ""code"", ""example_id"": ""code_13"", ""faulty_span"": {""end_step_id"": 6, ""start_step_id"": 2}, ""faulty_span_text"": ""Iterate through the input list `nums`. For each number, calculate its absolute value and compare it with the current maximum absolute value. If the current number's absolute value is greater than the current maximum, update the maximum and store the number in the list. If the current number's absolute value is equal to the current maximum, store the number in the list. After iterating through all numbers, return the first number from the list."", ""localization_reason"": ""The function is called with an empty list, causing a ValueError: max() arg is an empty sequence."", ""model"": ""mistralai/Mistral-7B-Instruct-v0.3"", ""parse_ok"": true, ""raw"": ""The faulty span in the initial trace is the iteration step where the function is called with an empty list. This is causing the `ValueError: max() arg is an empty sequence` exception.\n\nHere's the JSON with the identified faulty span:\n\n```json\n{\n  \""faulty_span\"": {\n    \""start_step_id\"": 2,\n    \""end_step_id\"": 6\n  },\n  \""correct_prefix_step_ids\"": [1],\n  \""localization_reason\"": \""The function is called with an empty list, causing a ValueError: max() arg is an empty sequence.\""\n}\n```\n\nTo fix the issue, you should add a check to ensure the input list is not empty before iterating through it. Here's the updated function implementation:\n\n```python\ndef max_abs(num"", ""system"": ""tracepatch_localize""}","{
  ""trace"": [
    {
      ""step_id"": 1,
      ""text"": ""Initialize an empty list to store the numbers with maximum absolute value.""
    },
    {
      ""step_id"": 2,
      ""text"": ""Initialize a variable `max_abs` to store the maximum absolute value found so far, initially set to `None`.""
    },
    {
      ""step_id"": 3,
      ""text"": ""Initialize a variable `max_num` to store the number with the maximum absolute value found so far, initially set to `None`.""
    },
    {
      ""step_id"": 4,
      ""text"": ""Iterate through the input list `nums`.""
    },
    {
      ""step_id"": 5,
      ""text"": ""If the list is empty, raise a `ValueError` with the message 'max() arg is an empty sequence'.""
    },
    {
      ""step_id"": 6,
      ""text"": ""For each number in the list, calculate its absolute value.""
    },
    {
      ""step_id"": 7,
      ""text"": ""If the current number's absolute value is not `None` (i.e., the number is not empty), compare it with the current `max_abs`.""
    },
    {
      ""step_id"": 8,
      ""text"": ""If the current number's absolute value is greater than `max_abs`, update `max_abs` and `max_num` with the current number.""
    },
    {
      ""step_id"": 9,
      ""text"": ""","{
  ""trace"": [
    {
      ""step_id"": 1,
      ""text"": ""Define the function max_abs(nums) that takes a list of numbers as input.""
    },
    {
      ""step_id"": 2,
      ""text"": ""Initialize an empty dictionary to store the absolute values and their corresponding numbers.""
    },
    {
      ""step_id"": 3,
      ""text"": ""Iterate through the input list and add the number and its absolute value to the dictionary.""
    },
    {
      ""step_id"": 4,
      ""text"": ""Find the maximum value in the dictionary using the max() function.""
    },
    {
      ""step_id"": 5,
      ""text"": ""Extract the key (number) corresponding to the maximum value.""
    },
    {
      ""step_id"": 6,
      ""text"": ""Return the key (number) as the final answer.""
    }
  ],
  ""final_answer"": ""def max_abs(nums):\n    abs_dict = {}\n    for num in nums:\n        abs_dict[num] = abs(num)\n    max_val = max(abs_dict.values())\n    for num, val in abs_dict.items():\n        if val == max_val: return num\n"",
  ""code"": ""def max_abs(nums):\n    abs_dict = {}\n    for num in nums:\n        abs_dict[num] = abs(num)\n    max_val = max(abs_dict.values())\n    for num, val in abs_dict.items():\n        if val == max_val: return num""
}","{
  ""trace"": [
    {
      ""step_id"": 1,
      ""text"": ""Check if the input list `nums` is empty. If it is, raise a ValueError with an appropriate message.""
    },
    {
      ""step_id"": 2,
      ""text"": ""Initialize an empty list to store the numbers with maximum absolute value.""
    },
    {
      ""step_id"": 3,
      ""text"": ""Iterate through the input list `nums`. If the list is not empty.""
    },
    {
      ""step_id"": 4,
      ""text"": ""For each number, calculate its absolute value and compare it with the current maximum absolute value.""
    },
    {
      ""step_id"": 5,
      ""text"": ""If the current number's absolute value is greater than the current maximum, update the maximum and store the number in the list.""
    },
    {
      ""step_id"": 6,
      ""text"": ""If the current number's absolute value is equal to the current maximum, store the number in the list.""
    },
    {
      ""step_id"": 7,
      ""text"": ""After iterating through all numbers, return the first number from the list.""
    }
  ],
  ""final_answer"": ""Returns the number with the largest absolute value, or the first number with the largest absolute value if there are multiple. Raises ValueError if the input list is empty."",
  ""code"": ""def max_abs(nums):\n    if not nums:\n        raise ValueError('max() arg is an empty sequence')\n    max_abs_nums",,,,,
code_14,code,mistralai/Mistral-7B-Instruct-v0.3,"{""code"": ""def running_total_last(nums):\n    running_total = []\n    for num in nums:\n        running_total.append(sum(running_total) + num)\n    return sum(running_total)"", ""final_answer"": ""The final running total after adding all numbers in the list."", ""json"": {""code"": ""def running_total_last(nums):\n    running_total = []\n    for num in nums:\n        running_total.append(sum(running_total) + num)\n    return sum(running_total)"", ""final_answer"": ""The final running total after adding all numbers in the list."", ""trace"": [{""step_id"": 1, ""text"": ""Initialize an empty list to store the running total.""}, {""step_id"": 2, ""text"": ""Iterate through the input list `nums`.""}, {""step_id"": 3, ""text"": ""At each iteration, append the current number to the running total list.""}, {""step_id"": 4, ""text"": ""After iterating through the entire list, calculate the sum of the running total list.""}, {""step_id"": 5, ""text"": ""Return the final running total.""}]}, ""parse_ok"": true, ""trace"": [{""step_id"": 1, ""text"": ""Initialize an empty list to store the running total.""}, {""step_id"": 2, ""text"": ""Iterate through the input list `nums`.""}, {""step_id"": 3, ""text"": ""At each iteration, append the current number to the running total list.""}, {""step_id"": 4, ""text"": ""After iterating through the entire list, calculate the sum of the running total list.""}, {""step_id"": 5, ""text"": ""Return the final running total.""}]}","Failing test: {'test_index': 0, 'input': [1, 2, 3], 'expected': 6, 'actual': 11}","{""correct_prefix_step_ids"": [], ""correct_prefix_steps"": [], ""domain"": ""code"", ""example_id"": ""code_14"", ""faulty_span"": {""end_step_id"": 1, ""start_step_id"": 1}, ""faulty_span_text"": ""Initialize an empty list to store the running total."", ""localization_reason"": """", ""model"": ""mistralai/Mistral-7B-Instruct-v0.3"", ""parse_ok"": false, ""raw"": ""To identify the faulty span in the initial trace, we need to understand the problem and the checker feedback. The problem is to write a function that calculates the final running total after adding all numbers in a list. The checker feedback indicates that the function is returning an incorrect result for a specific test case.\n\nThe initial trace shows the steps of the provided solution, but it seems that the solution is incorrect because it calculates the sum of the running total at each iteration instead of just appending the numbers to the list.\n\nThe faulty span is from step 3 to step 4, where it calculates the sum of the running total at each iteration instead of just appending the numbers.\n\nThe corrected solution should append the numbers to the list and calculate the sum at the end. Here's the corrected JSON:\n\n```json\n{\n  \""parse_ok\"": true,\n  \"""", ""system"": ""tracepatch_localize""}","{
  ""trace"": [
    {
      ""step_id"": 1,
      ""text"": ""Initialize a variable `total` to store the running total.""
    },
    {
      ""step_id"": 2,
      ""text"": ""Iterate through the list `nums`.""
    },
    {
      ""step_id"": 3,
      ""text"": ""For each number `num` in the list, add it to the `total`.""
    },
    {
      ""step_id"": 4,
      ""text"": ""After the loop, return the final `total`.""
    }
  ],
  ""final_answer"": ""def running_total_last(nums):\n    total = 0\n    for num in nums:\n        total += num\n    return total"",
  ""code"": ""running_total_last""
}","{
  ""trace"": [
    {
      ""step_id"": 1,
      ""text"": ""Initialize a variable `total` to 0""
    },
    {
      ""step_id"": 2,
      ""text"": ""Iterate through the list `nums`""
    },
    {
      ""step_id"": 3,
      ""text"": ""For each number `num` in the list, add it to the `total`""
    },
    {
      ""step_id"": 4,
      ""text"": ""After the loop, `total` will contain the running total of all numbers in the list""
    },
    {
      ""step_id"": 5,
      ""text"": ""Return the final running total""
    }
  ],
  ""final_answer"": ""def running_total_last(nums):\n    total = 0\n    for num in nums:\n        total += num\n    return total"",
  ""code"": ""{\""def running_total_last(nums):\n    total = 0\n    for num in nums:\n        total += num\n    return total""
}","{
  ""trace"": [
    {
      ""step_id"": 1,
      ""text"": ""Initialize an empty list to store the running total.""
    },
    {
      ""step_id"": 2,
      ""text"": ""Iterate through the input list `nums` from right to left.""
    },
    {
      ""step_id"": 3,
      ""text"": ""At each iteration, append the current number to the running total list and update the running total by subtracting the previous running total.""
    },
    {
      ""step_id"": 4,
      ""text"": ""After iterating through the entire list, the first element of the running total list will be the final running total.""
    }
  ],
  ""final_answer"": ""The final running total after adding all numbers in the list from right to left."",
  ""code"": ""def running_total_last(nums):\n    running_total = [0]\n    for i in range(len(nums)-1, -1, -1):\n        running_total.append(running_total[-1] + nums[i])\n    return running_total[0]""
}",,,,,
code_17,code,mistralai/Mistral-7B-Instruct-v0.3,"{""code"": ""def rotate_left_one(items):\n    rotated = []\n    for item in items:\n        rotated.append(item)\n    if items:\n        rotated.insert(0, items[0])\n    return rotated"", ""final_answer"": ""Rotate the list items one position to the left."", ""json"": {""code"": ""def rotate_left_one(items):\n    rotated = []\n    for item in items:\n        rotated.append(item)\n    if items:\n        rotated.insert(0, items[0])\n    return rotated"", ""final_answer"": ""Rotate the list items one position to the left."", ""trace"": [{""step_id"": 1, ""text"": ""Initialize an empty list to store the rotated items.""}, {""step_id"": 2, ""text"": ""Iterate through the input list `items`.""}, {""step_id"": 3, ""text"": ""For each item, append it to the end of the rotated list.""}, {""step_id"": 4, ""text"": ""If the input list is not empty, prepend the first item of the input list to the rotated list.""}, {""step_id"": 5, ""text"": ""Return the rotated list.""}]}, ""parse_ok"": true, ""trace"": [{""step_id"": 1, ""text"": ""Initialize an empty list to store the rotated items.""}, {""step_id"": 2, ""text"": ""Iterate through the input list `items`.""}, {""step_id"": 3, ""text"": ""For each item, append it to the end of the rotated list.""}, {""step_id"": 4, ""text"": ""If the input list is not empty, prepend the first item of the input list to the rotated list.""}, {""step_id"": 5, ""text"": ""Return the rotated list.""}]}","Failing test: {'test_index': 0, 'input': [1, 2, 3], 'expected': [2, 3, 1], 'actual': [1, 1, 2, 3]}","{""correct_prefix_step_ids"": [], ""correct_prefix_steps"": [], ""domain"": ""code"", ""example_id"": ""code_17"", ""faulty_span"": {""end_step_id"": 1, ""start_step_id"": 1}, ""faulty_span_text"": ""Initialize an empty list to store the rotated items."", ""localization_reason"": """", ""model"": ""mistralai/Mistral-7B-Instruct-v0.3"", ""parse_ok"": false, ""raw"": ""To identify the earliest faulty span in the initial trace, we need to understand the problem and the checker feedback. The problem is to write a function that rotates a list one position to the left. The checker feedback shows a failing test where the expected output is [2, 3, 1] but the actual output is [1, 1, 2, 3].\n\nThe initial trace shows the steps to implement the function, but it seems that the function is not correctly implementing the rotation. The issue is that the function is appending each item to the end of the rotated list, which is not rotating the list one position to the left.\n\nThe correct implementation should prepend each item to the rotated list instead of appending it. Here's the corrected function:\n\n```json\n{\""json\"": {\""code\"": \""def rotate_left_one(items):\\"", ""system"": ""tracepatch_localize""}","{
  ""trace"": [
    {
      ""step_id"": 1,
      ""text"": ""Initialize a variable `rotated` to an empty list.""
    },
    {
      ""step_id"": 2,
      ""text"": ""If the input list `items` is empty, return the empty list `rotated`.""
    },
    {
      ""step_id"": 3,
      ""text"": ""Otherwise, append the last item of `items` to the beginning of `rotated`.""
    },
    {
      ""step_id"": 4,
      ""text"": ""Remove the last item from `items`.""
    },
    {
      ""step_id"": 5,
      ""text"": ""Append the remaining items of `items` to `rotated`.""
    },
    {
      ""step_id"": 6,
      ""text"": ""Return the list `rotated`.""
    }
  ],
  ""final_answer"": ""def rotate_left_one(items):\n    rotated = []\n    if not items:\n        return rotated\n    rotated.append(items.pop())\n    rotated += items\n    return rotated"",
  ""code"": ""def rotate_left_one(items):\n    rotated = []\n    if not items:\n        return rotated\n    rotated.append(items.pop())\n    rotated += items\n    return rotated""
}","{
  ""trace"": [
    {
      ""step_id"": 1,
      ""text"": ""Initialize an empty list to store the rotated items.""
    },
    {
      ""step_id"": 2,
      ""text"": ""If the input list is empty, return an empty list.""
    },
    {
      ""step_id"": 3,
      ""text"": ""Create a new list with the second item to the first position.""
    },
    {
      ""step_id"": 4,
      ""text"": ""Append the rest of the items from the original list to the new list.""
    },
    {
      ""step_id"": 5,
      ""text"": ""Return the new rotated list.""
    }
  ],
  ""final_answer"": ""def rotate_left_one(items):\n    if not items:\n        return []\n    return [items[1]] + items[2:]"",
  ""code"": ""def rotate_left_one(items):\n    if not items:\n        return []\n    return [items[1]] + items[2:]""
}","{
  ""trace"": [
    {
      ""step_id"": 1,
      ""text"": ""Create an empty list to store the rotated items.""
    },
    {
      ""step_id"": 2,
      ""text"": ""Start with an empty list at the front (left) of the rotated list.""
    },
    {
      ""step_id"": 3,
      ""text"": ""Iterate through the input list `items`.""
    },
    {
      ""step_id"": 4,
      ""text"": ""For each item, append it to the end of the rotated list.""
    },
    {
      ""step_id"": 5,
      ""text"": ""Return the rotated list.""
    }
  ],
  ""final_answer"": ""Rotate the list items one position to the left."",
  ""code"": ""def rotate_left_one(items):\n    rotated = [None] * len(items)\n    for i, item in enumerate(items[1:]):\n        rotated[i] = item\n    rotated[0] = items[0]\n    return rotated""
}",,,,,
math_02,math,Qwen/Qwen2.5-7B-Instruct,"{""code"": """", ""final_answer"": ""x = 8"", ""json"": {""final_answer"": ""x = 8"", ""trace"": [{""step_id"": 1, ""text"": ""Given equation: 3x + 7 = 31""}, {""step_id"": 2, ""text"": ""Subtract 7 from both sides: 3x = 24""}, {""step_id"": 3, ""text"": ""Divide both sides by 3: x = 8""}]}, ""parse_ok"": true, ""trace"": [{""step_id"": 1, ""text"": ""Given equation: 3x + 7 = 31""}, {""step_id"": 2, ""text"": ""Subtract 7 from both sides: 3x = 24""}, {""step_id"": 3, ""text"": ""Divide both sides by 3: x = 8""}]}","Final answer mismatch: expected 8, got x = 8. First invalid equation appears at step 1.","{""correct_prefix_step_ids"": [1], ""correct_prefix_steps"": [{""step_id"": 1, ""text"": ""Given equation: 3x + 7 = 31""}], ""domain"": ""math"", ""example_id"": ""math_02"", ""faulty_span"": {""end_step_id"": 1, ""start_step_id"": 1}, ""faulty_span_text"": ""Given equation: 3x + 7 = 31"", ""localization_reason"": ""The given equation in step 1 is correct, but the final answer should be a numeric value rather than 'x = 8'. The equation and steps are logically sound, but the presentation of the final answer is incorrect."", ""model"": ""Qwen/Qwen2.5-7B-Instruct"", ""parse_ok"": true, ""raw"": ""```json\n{\n  \""faulty_span\"": {\n    \""start_step_id\"": 1,\n    \""end_step_id\"": 1\n  },\n  \""correct_prefix_step_ids\"": [1],\n  \""localization_reason\"": \""The given equation in step 1 is correct, but the final answer should be a numeric value rather than 'x = 8'. The equation and steps are logically sound, but the presentation of the final answer is incorrect.\""\n}\n```"", ""system"": ""tracepatch_localize""}","```json
{
  ""trace"": [
    {
      ""step_id"": 1,
      ""text"": ""Given equation: 3x + 7 = 31""
    },
    {
      ""step_id"": 2,
      ""text"": ""Subtract 7 from both sides: 3x = 24""
    },
    {
      ""step_id"": 3,
      ""text"": ""Divide both sides by 3: x = 8""
    }
  ],
  ""final_answer"": ""x = 8"",
  ""code"": """"
}
```","```json
{
  ""trace"": [
    {
      ""step_id"": 1,
      ""text"": ""Start with the given equation: \(3x + 7 = 31\).""
    },
    {
      ""step_id"": 2,
      ""text"": ""Subtract 7 from both sides to isolate the term with \(x\): \(3x + 7 - 7 = 31 - 7\). Simplifying this, we get: \(3x = 24\).""
    },
    {
      ""step_id"": 3,
      ""text"": ""Divide both sides by 3 to solve for \(x\): \(\frac{3x}{3} = \frac{24}{3}\). Simplifying this, we get: \(x = 8\).""
    }
  ],
  ""final_answer"": ""x = 8"",
  ""code"": """"
}
```","{""trace"":[{""step_id"":1,""text"":""Given equation: 3x + 7 = 31""},{""step_id"":2,""text"":""Subtract 7 from both sides: 3x = 24""},{""step_id"":3,""text"":""Divide both sides by 3: x = 8""}],""final_answer"":""x = 8"",""code"":""""}",,,,,
math_04,math,Qwen/Qwen2.5-7B-Instruct,"{""code"": """", ""final_answer"": ""The total cost is $15."", ""json"": {""code"": """", ""final_answer"": ""The total cost is $15."", ""trace"": [{""step_id"": 1, ""text"": ""Calculate the cost of the notebooks: 4 notebooks * $3/notebook = $12""}, {""step_id"": 2, ""text"": ""Calculate the cost of the pens: 2 pens * $1.50/pen = $3""}, {""step_id"": 3, ""text"": ""Add the costs together to find the total: $12 + $3 = $15""}]}, ""parse_ok"": true, ""trace"": [{""step_id"": 1, ""text"": ""Calculate the cost of the notebooks: 4 notebooks * $3/notebook = $12""}, {""step_id"": 2, ""text"": ""Calculate the cost of the pens: 2 pens * $1.50/pen = $3""}, {""step_id"": 3, ""text"": ""Add the costs together to find the total: $12 + $3 = $15""}]}","Final answer mismatch: expected 15, got The total cost is $15..","{""correct_prefix_step_ids"": [1, 2], ""correct_prefix_steps"": [{""step_id"": 1, ""text"": ""Calculate the cost of the notebooks: 4 notebooks * $3/notebook = $12""}, {""step_id"": 2, ""text"": ""Calculate the cost of the pens: 2 pens * $1.50/pen = $3""}], ""domain"": ""math"", ""example_id"": ""math_04"", ""faulty_span"": {""end_step_id"": 3, ""start_step_id"": 3}, ""faulty_span_text"": ""Add the costs together to find the total: $12 + $3 = $15"", ""localization_reason"": ""The final addition step incorrectly includes the phrase 'The total cost is $15' instead of just $15."", ""model"": ""Qwen/Qwen2.5-7B-Instruct"", ""parse_ok"": true, ""raw"": ""```json\n{\n  \""faulty_span\"": {\n    \""start_step_id\"": 3,\n    \""end_step_id\"": 3\n  },\n  \""correct_prefix_step_ids\"": [1, 2],\n  \""localization_reason\"": \""The final addition step incorrectly includes the phrase 'The total cost is $15' instead of just $15.\""\n}\n```"", ""system"": ""tracepatch_localize""}","```json
{
  ""trace"": [
    {
      ""step_id"": 1,
      ""text"": ""Calculate the cost of the notebooks: 4 notebooks * $3/notebook = $12""
    },
    {
      ""step_id"": 2,
      ""text"": ""Calculate the cost of the pens: 2 pens * $1.50/pen = $3""
    },
    {
      ""step_id"": 3,
      ""text"": ""Add the costs together to find the total: $12 + $3 = $15""
    }
  ],
  ""final_answer"": ""$15"",
  ""code"": """"
}
```","```json
{
  ""trace"": [
    {
      ""step_id"": 1,
      ""text"": ""Calculate the cost of the notebooks.""
    },
    {
      ""step_id"": 2,
      ""text"": ""Calculate the cost of the pens.""
    },
    {
      ""step_id"": 3,
      ""text"": ""Add the costs of the notebooks and pens to find the total cost.""
    }
  ],
  ""final_answer"": ""$15"",
  ""code"": ""notebooks_cost = 4 * 3; pens_cost = 2 * 1.5; total_cost = notebooks_cost + pens_cost""
}
```","{""trace"":[{""step_id"":1,""text"":""Calculate the cost of the notebooks: 4 notebooks * $3/notebook = $12""}, {""step_id"":2,""text"":""Calculate the cost of the pens: 2 pens * $1.50/pen = $3""}, {""step_id"":3,""text"":""Add the costs together to find the total: $12 + $3 = $15""}],""final_answer"":""The total cost is $15."",""code"":""""}",,,,,
math_05,math,Qwen/Qwen2.5-7B-Instruct,"{""code"": """", ""final_answer"": """", ""json"": {}, ""parse_ok"": false, ""trace"": []}",Output was not parseable JSON.,"{""correct_prefix_step_ids"": [1], ""correct_prefix_steps"": [], ""domain"": ""math"", ""example_id"": ""math_05"", ""faulty_span"": {""end_step_id"": 1, ""start_step_id"": 1}, ""faulty_span_text"": """", ""localization_reason"": ""The initial JSON provided does not contain any steps or trace information, hence it cannot be parsed to identify a faulty span. The correct prefix step IDs can only be determined if there is at least one step in the trace."", ""model"": ""Qwen/Qwen2.5-7B-Instruct"", ""parse_ok"": true, ""raw"": ""```json\n{\""faulty_span\"":{\""start_step_id\"":1,\""end_step_id\"":1},\""correct_prefix_step_ids\"":[1],\""localization_reason\"":\""The initial JSON provided does not contain any steps or trace information, hence it cannot be parsed to identify a faulty span. The correct prefix step IDs can only be determined if there is at least one step in the trace.\""}\n```"", ""system"": ""tracepatch_localize""}","{""trace"":[{""step_id"":1,""text"":""A number is doubled and then decreased by 9 to get 17.""}],""final_answer"":""The number is 13."",""code"":""x = (17 + 9) / 2""}","```json
{
  ""trace"": [
    {
      ""step_id"": 1,
      ""text"": ""Let's denote the unknown number as \( x \). According to the problem, when this number is doubled and then decreased by 9, the result is 17.""
    },
    {
      ""step_id"": 2,
      ""text"": ""We can write this relationship as an equation: \( 2x - 9 = 17 \).""
    },
    {
      ""step_id"": 3,
      ""text"": ""To find \( x \), we first add 9 to both sides of the equation to isolate the term with \( x \):""
    },
    {
      ""step_id"": 4,
      ""text"": "" \( 2x - 9 + 9 = 17 + 9 \)""
    },
    {
      ""step_id"": 5,
      ""text"": ""Simplifying this, we get:""
    },
    {
      ""step_id"": 6,
      ""text"": "" \( 2x = 26 \)""
    },
    {
      ""step_id"": 7,
      ""text"": ""Next, we divide both sides by 2 to solve for \( x \):""
    },
    {
      ""step_id"": 8,
      ""text"": "" \( x = \frac{26}{2} \)""
    },
    {
      ""step_id"": 9,
      ""text"": ""Simplifying this, we get:""
    },
    {
      ""step_id"": 10,
      ""text"": "" \( x = 13 \)""
    }
  ],
  ""final_answer"": ""The number is 13."",
  ""code"": ""x = (17 + 9) / 2""
}
```","{""trace"":[{""step_id"":1,""text"":""Let the unknown number be \( x \). The problem states that when this number is doubled and then decreased by 9, the result is 17.""},{""step_id"":2,""text"":""This can be written as the equation: \( 2x - 9 = 17 \)""}],""final_answer"":""8"",""code"":""x = (17 + 9) / 2""}",,,,,
math_10,math,Qwen/Qwen2.5-7B-Instruct,"{""code"": """", ""final_answer"": ""y = 23"", ""json"": {""code"": """", ""final_answer"": ""y = 23"", ""trace"": [{""step_id"": 1, ""text"": ""Given the equation y = 2x + 5""}, {""step_id"": 2, ""text"": ""Substitute x = 9 into the equation""}, {""step_id"": 3, ""text"": ""y = 2 * 9 + 5""}, {""step_id"": 4, ""text"": ""Calculate the value of y""}]}, ""parse_ok"": true, ""trace"": [{""step_id"": 1, ""text"": ""Given the equation y = 2x + 5""}, {""step_id"": 2, ""text"": ""Substitute x = 9 into the equation""}, {""step_id"": 3, ""text"": ""y = 2 * 9 + 5""}, {""step_id"": 4, ""text"": ""Calculate the value of y""}]}","Final answer mismatch: expected 23, got y = 23.","{""correct_prefix_step_ids"": [1, 2, 3], ""correct_prefix_steps"": [{""step_id"": 1, ""text"": ""Given the equation y = 2x + 5""}, {""step_id"": 2, ""text"": ""Substitute x = 9 into the equation""}, {""step_id"": 3, ""text"": ""y = 2 * 9 + 5""}], ""domain"": ""math"", ""example_id"": ""math_10"", ""faulty_span"": {""end_step_id"": 4, ""start_step_id"": 4}, ""faulty_span_text"": ""Calculate the value of y"", ""localization_reason"": ""The calculation was not performed in step 4, resulting in an incorrect final answer."", ""model"": ""Qwen/Qwen2.5-7B-Instruct"", ""parse_ok"": true, ""raw"": ""```json\n{\n  \""faulty_span\"": {\n    \""start_step_id\"": 4,\n    \""end_step_id\"": 4\n  },\n  \""correct_prefix_step_ids\"": [1, 2, 3],\n  \""localization_reason\"": \""The calculation was not performed in step 4, resulting in an incorrect final answer.\""\n}\n```"", ""system"": ""tracepatch_localize""}","```json
{
  ""trace"": [
    {""step_id"": 1, ""text"": ""Given the equation y = 2x + 5""},
    {""step_id"": 2, ""text"": ""Substitute x = 9 into the equation""},
    {""step_id"": 3, ""text"": ""y = 2 * 9 + 5""},
    {""step_id"": 4, ""text"": ""Calculate the value of y""}
  ],
  ""final_answer"": ""y = 23"",
  ""code"": ""y = 2 * 9 + 5\nprint(y)""
}
```","```json
{
  ""trace"": [
    {
      ""step_id"": 1,
      ""text"": ""Given the equation y = 2x + 5 and the value x = 9.""
    },
    {
      ""step_id"": 2,
      ""text"": ""Substitute x = 9 into the equation y = 2x + 5.""
    },
    {
      ""step_id"": 3,
      ""text"": ""Calculate y = 2 * 9 + 5.""
    },
    {
      ""step_id"": 4,
      ""text"": ""Perform the multiplication first: 2 * 9 = 18.""
    },
    {
      ""step_id"": 5,
      ""text"": ""Add 5 to the result of the multiplication: 18 + 5 = 23.""
    }
  ],
  ""final_answer"": ""y = 23"",
  ""code"": ""y = 2 * 9 + 5""
}
```","{""trace"":[{""step_id"":1,""text"":""Given the equation y = 2x + 5""},{""step_id"":2,""text"":""Substitute x = 9 into the equation""},{""step_id"":3,""text"":""y = 2 * 9 + 5""},{""step_id"":4,""text"":""Perform the multiplication first: 2 * 9 = 18""},{""step_id"":5,""text"":""Add 5 to the result: 18 + 5 = 23""},{""step_id"":6,""text"":""Calculate the value of y""}],""final_answer"":""y = 23"",""code"":""""}",,,,,
math_11,math,Qwen/Qwen2.5-7B-Instruct,"{""code"": """", ""final_answer"": ""The final price of the item after the discount is $34."", ""json"": {""code"": """", ""final_answer"": ""The final price of the item after the discount is $34."", ""trace"": [{""step_id"": 1, ""text"": ""The original price of the item is $40.""}, {""step_id"": 2, ""text"": ""The discount amount is $6.""}, {""step_id"": 3, ""text"": ""To find the final price, subtract the discount from the original price: $40 - $6.""}, {""step_id"": 4, ""text"": ""Calculate the result: $40 - $6 = $34.""}]}, ""parse_ok"": true, ""trace"": [{""step_id"": 1, ""text"": ""The original price of the item is $40.""}, {""step_id"": 2, ""text"": ""The discount amount is $6.""}, {""step_id"": 3, ""text"": ""To find the final price, subtract the discount from the original price: $40 - $6.""}, {""step_id"": 4, ""text"": ""Calculate the result: $40 - $6 = $34.""}]}","Final answer mismatch: expected 34, got The final price of the item after the discount is $34..","{""correct_prefix_step_ids"": [1, 2, 3], ""correct_prefix_steps"": [{""step_id"": 1, ""text"": ""The original price of the item is $40.""}, {""step_id"": 2, ""text"": ""The discount amount is $6.""}, {""step_id"": 3, ""text"": ""To find the final price, subtract the discount from the original price: $40 - $6.""}], ""domain"": ""math"", ""example_id"": ""math_11"", ""faulty_span"": {""end_step_id"": 4, ""start_step_id"": 4}, ""faulty_span_text"": ""Calculate the result: $40 - $6 = $34."", ""localization_reason"": ""The calculation in step 4 is correct mathematically, but the format of the final answer in step 4 is not in a numerical form. The checker expects a number (34) as the final answer, but received a string describing the final price."", ""model"": ""Qwen/Qwen2.5-7B-Instruct"", ""parse_ok"": true, ""raw"": ""```json\n{\n  \""faulty_span\"": {\n    \""start_step_id\"": 4,\n    \""end_step_id\"": 4\n  },\n  \""correct_prefix_step_ids\"": [1, 2, 3],\n  \""localization_reason\"": \""The calculation in step 4 is correct mathematically, but the format of the final answer in step 4 is not in a numerical form. The checker expects a number (34) as the final answer, but received a string describing the final price.\""\n}\n```"", ""system"": ""tracepatch_localize""}","```json
{
  ""trace"": [
    {""step_id"": 1, ""text"": ""The original price of the item is $40.""},
    {""step_id"": 2, ""text"": ""The discount amount is $6.""},
    {""step_id"": 3, ""text"": ""To find the final price, subtract the discount from the original price: $40 - $6.""},
    {""step_id"": 4, ""text"": ""Calculate the result: $40 - $6 = $34.""}
  ],
  ""final_answer"": ""$34"",
  ""code"": """"
}
```","```json
{
  ""trace"": [
    {
      ""step_id"": 1,
      ""text"": ""Identify the original price of the item.""
    },
    {
      ""step_id"": 2,
      ""text"": ""Subtract the discount amount from the original price to find the final price.""
    },
    {
      ""step_id"": 3,
      ""text"": ""Original price = $40""
    },
    {
      ""step_id"": 4,
      ""text"": ""Discount amount = $6""
    },
    {
      ""step_id"": 5,
      ""text"": ""Final price = Original price - Discount amount = $40 - $6 = $34""
    }
  ],
  ""final_answer"": ""The final price of the item after the discount is $34."",
  ""code"": ""final_price = 40 - 6; final_price""
}
```","{""trace"":[{""step_id"":1,""text"":""The original price of the item is $40.""},{""step_id"":2,""text"":""The discount amount is $6.""},{""step_id"":3,""text"":""To find the final price, subtract the discount from the original price: $40 - $6.""},{""step_id"":4,""text"":""Calculate the result: $40 - $6 = $34.""}], ""final_answer"": ""$34"", ""code"": """"}",,,,,
math_13,math,Qwen/Qwen2.5-7B-Instruct,"{""code"": """", ""final_answer"": """", ""json"": {}, ""parse_ok"": false, ""trace"": []}",Output was not parseable JSON.,"{""correct_prefix_step_ids"": [1], ""correct_prefix_steps"": [], ""domain"": ""math"", ""example_id"": ""math_13"", ""faulty_span"": {""end_step_id"": 1, ""start_step_id"": 1}, ""faulty_span_text"": """", ""localization_reason"": ""The initial solution provided does not contain any steps or reasoning, making it impossible to identify a correct prefix or faulty span."", ""model"": ""Qwen/Qwen2.5-7B-Instruct"", ""parse_ok"": true, ""raw"": ""```json\n{\""faulty_span\"":{\""start_step_id\"":1,\""end_step_id\"":1},\""correct_prefix_step_ids\"":[1],\""localization_reason\"":\""The initial solution provided does not contain any steps or reasoning, making it impossible to identify a correct prefix or faulty span.\""}\n```"", ""system"": ""tracepatch_localize""}","{""trace"":[{""step_id"":1,""text"":""Lena starts with 30 stickers.""}],""final_answer"":""Lena keeps 18 stickers."",""code"":""\n# Calculate the number of stickers given away\nstickers_given_away = 30 * (2/5)\n\n# Calculate the number of stickers kept\nstickers_kept = 30 - stickers_given_away\nstickers_kept""}","```json
{
  ""trace"": [
    {
      ""step_id"": 1,
      ""text"": ""Determine how many stickers Lena gives away.""
    },
    {
      ""step_id"": 2,
      ""text"": ""Calculate the number of stickers given away: \( \frac{2}{5} \times 30 \).""
    },
    {
      ""step_id"": 3,
      ""text"": ""Subtract the number of stickers given away from the total to find out how many stickers Lena keeps.""
    }
  ],
  ""final_answer"": ""18"",
  ""code"": ""total_stickers = 30\nfraction_given_away = 2 / 5\nstickers_given_away = total_stickers * fraction_given_away\nstickers_kept = total_stickers - stickers_given_away\nstickers_kept""
}
```","{""trace"":[{""step_id"":1,""text"":""Lena starts with 30 stickers.""},{""step_id"":2,""text"":""She gives away 2/5 of her stickers.""},{""step_id"":3,""text"":""Calculate the number of stickers given away: \(30 \times \frac{2}{5} = 12\)""},{""step_id"":4,""text"":""Subtract the number of stickers given away from the total to find out how many she keeps: \(30 - 12 = 18\)""},{""step_id"":5,""text"":""Therefore, Lena keeps 18 stickers.""}],""final_answer"":""Lena keeps 18 stickers."",""code"":""""}",,,,,
math_15,math,Qwen/Qwen2.5-7B-Instruct,"{""code"": """", ""final_answer"": ""24 miles per gallon"", ""json"": {""code"": """", ""final_answer"": ""24 miles per gallon"", ""trace"": [{""step_id"": 1, ""text"": ""Determine the miles per gallon by dividing the total miles by the total gallons.""}]}, ""parse_ok"": true, ""trace"": [{""step_id"": 1, ""text"": ""Determine the miles per gallon by dividing the total miles by the total gallons.""}]}","Final answer mismatch: expected 24, got 24 miles per gallon.","{""correct_prefix_step_ids"": [1], ""correct_prefix_steps"": [{""step_id"": 1, ""text"": ""Determine the miles per gallon by dividing the total miles by the total gallons.""}], ""domain"": ""math"", ""example_id"": ""math_15"", ""faulty_span"": {""end_step_id"": 1, ""start_step_id"": 1}, ""faulty_span_text"": ""Determine the miles per gallon by dividing the total miles by the total gallons."", ""localization_reason"": ""The final answer is correctly calculated as '24', but the format includes the unit 'miles per gallon' which was not required. The answer should be a number without units."", ""model"": ""Qwen/Qwen2.5-7B-Instruct"", ""parse_ok"": true, ""raw"": ""```json\n{\n  \""faulty_span\"": {\n    \""start_step_id\"": 1,\n    \""end_step_id\"": 1\n  },\n  \""correct_prefix_step_ids\"": [1],\n  \""localization_reason\"": \""The final answer is correctly calculated as '24', but the format includes the unit 'miles per gallon' which was not required. The answer should be a number without units.\""\n}\n```"", ""system"": ""tracepatch_localize""}","```json
{
  ""trace"": [
    {
      ""step_id"": 1,
      ""text"": ""Determine the miles per gallon by dividing the total miles by the total gallons.""
    },
    {
      ""step_id"": 2,
      ""text"": ""Calculate the miles per gallon: 72 miles ÷ 3 gallons = 24 miles per gallon.""
    }
  ],
  ""final_answer"": ""24 miles per gallon"",
  ""code"": """"
}
```","```json
{
  ""trace"": [
    {
      ""step_id"": 1,
      ""text"": ""Determine the given values: the car uses 3 gallons of fuel to travel 72 miles.""
    },
    {
      ""step_id"": 2,
      ""text"": ""To find the miles per gallon (mpg), we need to divide the total miles traveled by the total gallons used.""
    },
    {
      ""step_id"": 3,
      ""text"": ""Calculate the miles per gallon: \( \text{mpg} = \frac{\text{total miles}}{\text{total gallons}} = \frac{72 \text{ miles}}{3 \text{ gallons}} \)""
    },
    {
      ""step_id"": 4,
      ""text"": ""Perform the division: \( \frac{72}{3} = 24 \)""
    }
  ],
  ""final_answer"": ""24 miles per gallon"",
  ""code"": ""mpg = 72 / 3""
}
```","{""trace"":[{""step_id"":1,""text"":""Calculate the miles per gallon by dividing the total miles by the total gallons.""}], ""final_answer"": ""24 miles per gallon"", ""code"": """"}",,,,,
math_01,math,mistralai/Mistral-7B-Instruct-v0.3,"{""code"": """", ""final_answer"": ""The total distance traveled by the train is 135 miles + 20 miles = 155 miles."", ""json"": {""final_answer"": ""The total distance traveled by the train is 135 miles + 20 miles = 155 miles."", ""trace"": [{""step_id"": 1, ""text"": ""The train travels 45 miles each hour for 3 hours, so it travels 45 miles/hour * 3 hours = 135 miles.""}, {""step_id"": 2, ""text"": ""Then it travels an additional 20 miles.""}]}, ""parse_ok"": true, ""trace"": [{""step_id"": 1, ""text"": ""The train travels 45 miles each hour for 3 hours, so it travels 45 miles/hour * 3 hours = 135 miles.""}, {""step_id"": 2, ""text"": ""Then it travels an additional 20 miles.""}]}","Final answer mismatch: expected 155, got The total distance traveled by the train is 135 miles + 20 miles = 155 miles..","{""correct_prefix_step_ids"": [1], ""correct_prefix_steps"": [{""step_id"": 1, ""text"": ""The train travels 45 miles each hour for 3 hours, so it travels 45 miles/hour * 3 hours = 135 miles.""}], ""domain"": ""math"", ""example_id"": ""math_01"", ""faulty_span"": {""end_step_id"": 2, ""start_step_id"": 1}, ""faulty_span_text"": ""The train travels 45 miles each hour for 3 hours, so it travels 45 miles/hour * 3 hours = 135 miles. Then it travels an additional 20 miles."", ""localization_reason"": ""The calculation in the second step is incorrect. The total distance should be the sum of the distance traveled in the first part and the additional distance, which is 135 miles + 20 miles = 155 miles."", ""model"": ""mistralai/Mistral-7B-Instruct-v0.3"", ""parse_ok"": true, ""raw"": ""{\""faulty_span\"":{\""start_step_id\"":1,\""end_step_id\"":2},\""correct_prefix_step_ids\"":[1],\""localization_reason\"":\""The calculation in the second step is incorrect. The total distance should be the sum of the distance traveled in the first part and the additional distance, which is 135 miles + 20 miles = 155 miles.\""}"", ""system"": ""tracepatch_localize""}","{
  ""trace"": [
    {
      ""step_id"": 1,
      ""text"": ""The train travels 45 miles each hour for 3 hours, so it travels 45 miles/hour * 3 hours = 135 miles.""
    },
    {
      ""step_id"": 2,
      ""text"": ""Then, it travels an additional 20 miles.""
    }
  ],
  ""final_answer"": ""The total distance traveled by the train is 135 miles + 20 miles = 155 miles."",
  ""code"": ""arithmetic""
}","{""trace"": [
  {
    ""step_id"": 1,
    ""text"": ""First, let's calculate the distance traveled during the first 3 hours at a speed of 45 miles per hour.""
  },
  {
    ""step_id"": 2,
    ""text"": ""Distance1 = Speed * Time = 45 miles/hour * 3 hours = 135 miles""
  },
  {
    ""step_id"": 3,
    ""text"": ""Next, let's calculate the additional distance traveled after the first 3 hours at a speed of 20 miles per hour.""
  },
  {
    ""step_id"": 4,
    ""text"": ""Distance2 = Speed * Time = 20 miles/hour * 1 hour = 20 miles""
  },
  {
    ""step_id"": 5,
    ""text"": ""Finally, let's add the two distances together to find the total distance traveled.""
  },
  {
    ""step_id"": 6,
    ""text"": ""Total Distance = Distance1 + Distance2 = 135 miles + 20 miles = 155 miles""
  }
],
""final_answer"": ""The total distance traveled by the train is 155 miles."",
""code"": ""total_distance = 45 * 3 + 20; print(\""The total distance traveled by the train is \"", total_distance, \"" miles.\"")""
}","{""trace"":[{""step_id"":1,""text"":""The train travels 45 miles each hour for 3 hours, so it travels 45 miles/hour * 3 hours = 135 miles. Then it travels an additional 20 miles.""}], ""final_answer"":""The total distance traveled by the train is 155 miles."", ""code"":""""}",,,,,
math_02,math,mistralai/Mistral-7B-Instruct-v0.3,"{""code"": """", ""final_answer"": ""x = 8"", ""json"": {""final_answer"": ""x = 8"", ""trace"": [{""step_id"": 2, ""text"": ""Next, divide both sides by 3. This gives us x = 8.""}]}, ""parse_ok"": true, ""trace"": [{""step_id"": 2, ""text"": ""Next, divide both sides by 3. This gives us x = 8.""}]}","Final answer mismatch: expected 8, got x = 8.","{""correct_prefix_step_ids"": [], ""correct_prefix_steps"": [], ""domain"": ""math"", ""example_id"": ""math_02"", ""faulty_span"": {""end_step_id"": 1, ""start_step_id"": 1}, ""faulty_span_text"": """", ""localization_reason"": """", ""model"": ""mistralai/Mistral-7B-Instruct-v0.3"", ""parse_ok"": false, ""raw"": ""Based on the provided problem and the initial solution, the faulty span is the entire solution as the final answer should be \""8\"" instead of \""x = 8\"". The correct prefix steps are the initial steps as no incorrect steps were performed before the error.\n\nHere is the JSON response:\n\n```json\n{\n  \""faulty_span\"": {\n    \""start_step_id\"": 1,\n    \""end_step_id\"": last_step_id_in_trace,\n  },\n  \""correct_prefix_step_ids\"": [1],\n  \""localization_reason\"": \""Final answer mismatch: expected 8, got x = 8.\""\n}\n```\n\nIn this case, `last_step_id_in_trace` should be replaced with the actual last step ID in the provided trace."", ""system"": ""tracepatch_localize""}","{""trace"":[{""step_id"":1,""text"":""Set x = 8.""}], ""final_answer"": ""8"", ""code"": ""Solving the equation 3x + 7 = 31 for x, we find that x = 8.""}","{
  ""trace"": [
    {
      ""step_id"": 1,
      ""text"": ""To solve for x, we need to isolate x. Subtract 7 from both sides of the equation.""
    },
    {
      ""step_id"": 2,
      ""text"": ""3x + 7 - 7 = 31 - 7""
    },
    {
      ""step_id"": 3,
      ""text"": ""3x = 24""
    },
    {
      ""step_id"": 4,
      ""text"": ""Now, divide both sides by 3 to solve for x.""
    },
    {
      ""step_id"": 5,
      ""text"": ""x = 24 / 3""
    }
  ],
  ""final_answer"": ""x = 8""
}","{""trace"":[{""step_id"":1,""text"":""To solve for x, subtract 7 from both sides. This gives us 3x = 24. Then, divide both sides by 3. This gives us x = 8.""}], ""final_answer"":""x = 8"", ""code"":""""}",,,,,
math_03,math,mistralai/Mistral-7B-Instruct-v0.3,"{""code"": """", ""final_answer"": ""4 cups"", ""json"": {""final_answer"": ""4 cups"", ""trace"": [{""step_id"": 1, ""text"": ""The recipe uses 2/3 cup flour per batch.""}, {""step_id"": 2, ""text"": ""We need to find out how much flour is needed for 6 batches.""}, {""step_id"": 3, ""text"": ""To calculate this, we multiply the amount of flour used per batch by the number of batches.""}, {""step_id"": 4, ""text"": ""So, (2/3) * 6 = 4 cups.""}]}, ""parse_ok"": true, ""trace"": [{""step_id"": 1, ""text"": ""The recipe uses 2/3 cup flour per batch.""}, {""step_id"": 2, ""text"": ""We need to find out how much flour is needed for 6 batches.""}, {""step_id"": 3, ""text"": ""To calculate this, we multiply the amount of flour used per batch by the number of batches.""}, {""step_id"": 4, ""text"": ""So, (2/3) * 6 = 4 cups.""}]}","Final answer mismatch: expected 4, got 4 cups. First invalid equation appears at step 4.","{""correct_prefix_step_ids"": [1, 2, 3], ""correct_prefix_steps"": [{""step_id"": 1, ""text"": ""The recipe uses 2/3 cup flour per batch.""}, {""step_id"": 2, ""text"": ""We need to find out how much flour is needed for 6 batches.""}, {""step_id"": 3, ""text"": ""To calculate this, we multiply the amount of flour used per batch by the number of batches.""}], ""domain"": ""math"", ""example_id"": ""math_03"", ""faulty_span"": {""end_step_id"": 4, ""start_step_id"": 4}, ""faulty_span_text"": ""So, (2/3) * 6 = 4 cups."", ""localization_reason"": ""The final answer should not include the units (cups), only the numerical value is required."", ""model"": ""mistralai/Mistral-7B-Instruct-v0.3"", ""parse_ok"": true, ""raw"": ""{\""faulty_span\"":{\""start_step_id\"":4,\""end_step_id\"":4},\""correct_prefix_step_ids\"":[1,2,3],\""localization_reason\"":\""The final answer should not include the units (cups), only the numerical value is required.\""}"", ""system"": ""tracepatch_localize""}","{""trace"":[{""step_id"":1,""text"":""The recipe uses 2/3 cup flour per batch.""}], ""final_answer"":""To find the amount of flour needed for 6 batches, we multiply the amount of flour used per batch by the number of batches. So, (2/3) * 6 = 4 cups.""}","{""trace"": [
  {
    ""step_id"": 1,
    ""text"": ""For one batch, the recipe uses 2/3 cup of flour. To find the amount of flour needed for 6 batches, we multiply the amount of flour per batch by the number of batches.""
  },
  {
    ""step_id"": 2,
    ""text"": ""Flour per batch: 2/3 cup""
  },
  {
    ""step_id"": 3,
    ""text"": ""Number of batches: 6""
  },
  {
    ""step_id"": 4,
    ""text"": ""Total flour needed = Flour per batch * Number of batches""
  },
  {
    ""step_id"": 5,
    ""text"": ""Total flour needed = (2/3) * 6""
  },
  {
    ""step_id"": 6,
    ""text"": ""Total flour needed = 4 cups""
  }
],
""final_answer"": ""4 cups"",
""code"": ""total_flour_needed = (2/3) * 6; total_flour_needed = 4""
}","{""parse_ok"": true, ""trace"": [{""step_id"": 1, ""text"": ""The recipe uses 2/3 cup flour per batch.""}], ""final_answer"": ""4 cups"", ""code"": ""4 cups = (2/3) * 6""}",,,,,
code_00,code,Qwen/Qwen2.5-7B-Instruct,"{""code"": ""def sum_even(nums):\n    even_sum = 0\n    for num in nums:\n        if num % 2 == 0:\n            even_sum += num\n    return even_sum"", ""final_answer"": ""The function returns the sum of even integers in the given list."", ""json"": {""code"": ""def sum_even(nums):\n    even_sum = 0\n    for num in nums:\n        if num % 2 == 0:\n            even_sum += num\n    return even_sum"", ""final_answer"": ""The function returns the sum of even integers in the given list."", ""trace"": [{""step_id"": 1, ""text"": ""Define the function sum_even that takes a list of integers nums as input.""}, {""step_id"": 2, ""text"": ""Initialize a variable to store the sum of even numbers.""}, {""step_id"": 3, ""text"": ""Iterate through each number in the list.""}, {""step_id"": 4, ""text"": ""Check if the number is even.""}, {""step_id"": 5, ""text"": ""If it is even, add it to the sum.""}, {""step_id"": 6, ""text"": ""After iterating through all numbers, return the sum.""}]}, ""parse_ok"": true, ""trace"": [{""step_id"": 1, ""text"": ""Define the function sum_even that takes a list of integers nums as input.""}, {""step_id"": 2, ""text"": ""Initialize a variable to store the sum of even numbers.""}, {""step_id"": 3, ""text"": ""Iterate through each number in the list.""}, {""step_id"": 4, ""text"": ""Check if the number is even.""}, {""step_id"": 5, ""text"": ""If it is even, add it to the sum.""}, {""step_id"": 6, ""text"": ""After iterating through all numbers, return the sum.""}]}",All unit tests passed.,{},,,,,,,,initial passed; no failed-only repair was run
code_01,code,Qwen/Qwen2.5-7B-Instruct,"{""code"": ""def count_vowels(text):\n    text = text.lower()\n    count = 0\n    for char in text:\n        if char in 'aeiou':\n            count += 1\n    return count"", ""final_answer"": ""Returns the number of vowels in the given text, case-insensitive."", ""json"": {""code"": ""def count_vowels(text):\n    text = text.lower()\n    count = 0\n    for char in text:\n        if char in 'aeiou':\n            count += 1\n    return count"", ""final_answer"": ""Returns the number of vowels in the given text, case-insensitive."", ""trace"": [{""step_id"": 1, ""text"": ""Define the function count_vowels with parameter text.""}, {""step_id"": 2, ""text"": ""Convert the input text to lowercase to make the function case-insensitive.""}, {""step_id"": 3, ""text"": ""Initialize a counter variable to zero.""}, {""step_id"": 4, ""text"": ""Iterate through each character in the text.""}, {""step_id"": 5, ""text"": ""Check if the character is one of the vowels (a, e, i, o, u).""}, {""step_id"": 6, ""text"": ""If it is, increment the counter.""}, {""step_id"": 7, ""text"": ""After the loop, return the counter as the result.""}]}, ""parse_ok"": true, ""trace"": [{""step_id"": 1, ""text"": ""Define the function count_vowels with parameter text.""}, {""step_id"": 2, ""text"": ""Convert the input text to lowercase to make the function case-insensitive.""}, {""step_id"": 3, ""text"": ""Initialize a counter variable to zero.""}, {""step_id"": 4, ""text"": ""Iterate through each character in the text.""}, {""step_id"": 5, ""text"": ""Check if the character is one of the vowels (a, e, i, o, u).""}, {""step_id"": 6, ""text"": ""If it is, increment the counter.""}, {""step_id"": 7, ""text"": ""After the loop, return the counter as the result.""}]}",All unit tests passed.,{},,,,,,,,initial passed; no failed-only repair was run
code_02,code,Qwen/Qwen2.5-7B-Instruct,"{""code"": ""def last_positive(nums):\n    for num in reversed(nums):\n        if num > 0:\n            return num\n    return None"", ""final_answer"": ""The function returns the last positive number in the list or None if no positive number exists."", ""json"": {""code"": ""def last_positive(nums):\n    for num in reversed(nums):\n        if num > 0:\n            return num\n    return None"", ""final_answer"": ""The function returns the last positive number in the list or None if no positive number exists."", ""trace"": [{""step_id"": 1, ""text"": ""Define the function last_positive that takes a list of numbers as input.""}, {""step_id"": 2, ""text"": ""Iterate through the list in reverse order to find the last positive number.""}, {""step_id"": 3, ""text"": ""If a positive number is found, return it; otherwise, return None.""}]}, ""parse_ok"": true, ""trace"": [{""step_id"": 1, ""text"": ""Define the function last_positive that takes a list of numbers as input.""}, {""step_id"": 2, ""text"": ""Iterate through the list in reverse order to find the last positive number.""}, {""step_id"": 3, ""text"": ""If a positive number is found, return it; otherwise, return None.""}]}",All unit tests passed.,{},,,,,,,,initial passed; no failed-only repair was run
code_03,code,Qwen/Qwen2.5-7B-Instruct,"{""code"": ""def dedupe_keep_order(items):\n    unique_items = []\n    for item in items:\n        if item not in unique_items:\n            unique_items.append(item)\n    return unique_items"", ""final_answer"": ""Function implemented successfully."", ""json"": {""code"": ""def dedupe_keep_order(items):\n    unique_items = []\n    for item in items:\n        if item not in unique_items:\n            unique_items.append(item)\n    return unique_items"", ""final_answer"": ""Function implemented successfully."", ""trace"": [{""step_id"": 1, ""text"": ""Define the function dedupe_keep_order that takes a list of items as input.""}, {""step_id"": 2, ""text"": ""Initialize an empty list to store unique items in their first occurrence order.""}, {""step_id"": 3, ""text"": ""Iterate through each item in the input list.""}, {""step_id"": 4, ""text"": ""If the item is not already in the list of unique items, append it to the list.""}, {""step_id"": 5, ""text"": ""Return the list of unique items in their first occurrence order.""}]}, ""parse_ok"": true, ""trace"": [{""step_id"": 1, ""text"": ""Define the function dedupe_keep_order that takes a list of items as input.""}, {""step_id"": 2, ""text"": ""Initialize an empty list to store unique items in their first occurrence order.""}, {""step_id"": 3, ""text"": ""Iterate through each item in the input list.""}, {""step_id"": 4, ""text"": ""If the item is not already in the list of unique items, append it to the list.""}, {""step_id"": 5, ""text"": ""Return the list of unique items in their first occurrence order.""}]}",All unit tests passed.,{},,,,,,,,initial passed; no failed-only repair was run
code_05,code,Qwen/Qwen2.5-7B-Instruct,"{""code"": ""def clamp(x, lo, hi):\n    return max(lo, min(x, hi))"", ""final_answer"": ""Clamps x to the range [lo, hi]."", ""json"": {""code"": ""def clamp(x, lo, hi):\n    return max(lo, min(x, hi))"", ""final_answer"": ""Clamps x to the range [lo, hi]."", ""trace"": [{""step_id"": 1, ""text"": ""Define the function clamp that takes three parameters: x, lo, and hi.""}, {""step_id"": 2, ""text"": ""Use the max function to ensure x is not less than lo.""}, {""step_id"": 3, ""text"": ""Use the min function to ensure x is not greater than hi.""}, {""step_id"": 4, ""text"": ""Return the clamped value.""}]}, ""parse_ok"": true, ""trace"": [{""step_id"": 1, ""text"": ""Define the function clamp that takes three parameters: x, lo, and hi.""}, {""step_id"": 2, ""text"": ""Use the max function to ensure x is not less than lo.""}, {""step_id"": 3, ""text"": ""Use the min function to ensure x is not greater than hi.""}, {""step_id"": 4, ""text"": ""Return the clamped value.""}]}",All unit tests passed.,{},,,,,,,,initial passed; no failed-only repair was run
code_06,code,Qwen/Qwen2.5-7B-Instruct,"{""code"": ""def first_longer_than(words, n):\n    for word in words:\n        if len(word) > n:\n            return word\n    return None"", ""final_answer"": ""Function returns the first string longer than n or None."", ""json"": {""code"": ""def first_longer_than(words, n):\n    for word in words:\n        if len(word) > n:\n            return word\n    return None"", ""final_answer"": ""Function returns the first string longer than n or None."", ""trace"": [{""step_id"": 1, ""text"": ""Define the function 'first_longer_than' that takes two parameters: 'words' (a list of strings) and 'n' (an integer).""}, {""step_id"": 2, ""text"": ""Iterate through each word in the 'words' list.""}, {""step_id"": 3, ""text"": ""Check if the length of the current word is greater than 'n'. If it is, return the word.""}, {""step_id"": 4, ""text"": ""If no word is found that is longer than 'n', return None.""}]}, ""parse_ok"": true, ""trace"": [{""step_id"": 1, ""text"": ""Define the function 'first_longer_than' that takes two parameters: 'words' (a list of strings) and 'n' (an integer).""}, {""step_id"": 2, ""text"": ""Iterate through each word in the 'words' list.""}, {""step_id"": 3, ""text"": ""Check if the length of the current word is greater than 'n'. If it is, return the word.""}, {""step_id"": 4, ""text"": ""If no word is found that is longer than 'n', return None.""}]}",All unit tests passed.,{},,,,,,,,initial passed; no failed-only repair was run
code_07,code,Qwen/Qwen2.5-7B-Instruct,"{""code"": ""def product_nonzero(nums):\n    product = 1\n    for num in nums:\n        if num != 0:\n            product *= num\n    return product if product != 1 else 1"", ""final_answer"": ""Function returns the product of all non-zero numbers or 1 if all are zero."", ""json"": {""code"": ""def product_nonzero(nums):\n    product = 1\n    for num in nums:\n        if num != 0:\n            product *= num\n    return product if product != 1 else 1"", ""final_answer"": ""Function returns the product of all non-zero numbers or 1 if all are zero."", ""trace"": [{""step_id"": 1, ""text"": ""Define the function product_nonzero that takes a list of numbers as input.""}, {""step_id"": 2, ""text"": ""Initialize a variable to store the product, starting at 1.""}, {""step_id"": 3, ""text"": ""Iterate through each number in the list.""}, {""step_id"": 4, ""text"": ""If the number is not zero, multiply it to the product.""}, {""step_id"": 5, ""text"": ""After the loop, check if the product is still 1 (meaning all numbers were zero). If so, return 1; otherwise, return the product.""}]}, ""parse_ok"": true, ""trace"": [{""step_id"": 1, ""text"": ""Define the function product_nonzero that takes a list of numbers as input.""}, {""step_id"": 2, ""text"": ""Initialize a variable to store the product, starting at 1.""}, {""step_id"": 3, ""text"": ""Iterate through each number in the list.""}, {""step_id"": 4, ""text"": ""If the number is not zero, multiply it to the product.""}, {""step_id"": 5, ""text"": ""After the loop, check if the product is still 1 (meaning all numbers were zero). If so, return 1; otherwise, return the product.""}]}",All unit tests passed.,{},,,,,,,,initial passed; no failed-only repair was run
code_08,code,Qwen/Qwen2.5-7B-Instruct,"{""code"": ""def middle_char(text):\n    return text[len(text) // 2]"", ""final_answer"": ""The function returns the middle character of an odd-length string."", ""json"": {""code"": ""def middle_char(text):\n    return text[len(text) // 2]"", ""final_answer"": ""The function returns the middle character of an odd-length string."", ""trace"": [{""step_id"": 1, ""text"": ""Define the function middle_char that takes a single argument text.""}, {""step_id"": 2, ""text"": ""Calculate the length of the text.""}, {""step_id"": 3, ""text"": ""Find the middle index by dividing the length by 2 and using integer division.""}, {""step_id"": 4, ""text"": ""Return the character at the middle index.""}]}, ""parse_ok"": true, ""trace"": [{""step_id"": 1, ""text"": ""Define the function middle_char that takes a single argument text.""}, {""step_id"": 2, ""text"": ""Calculate the length of the text.""}, {""step_id"": 3, ""text"": ""Find the middle index by dividing the length by 2 and using integer division.""}, {""step_id"": 4, ""text"": ""Return the character at the middle index.""}]}",All unit tests passed.,{},,,,,,,,initial passed; no failed-only repair was run
code_09,code,Qwen/Qwen2.5-7B-Instruct,"{""code"": ""def count_greater(nums, threshold):\n    count = 0\n    for num in nums:\n        if num > threshold:\n            count += 1\n    return count"", ""final_answer"": ""The function counts how many numbers in the list are strictly greater than the given threshold."", ""json"": {""code"": ""def count_greater(nums, threshold):\n    count = 0\n    for num in nums:\n        if num > threshold:\n            count += 1\n    return count"", ""final_answer"": ""The function counts how many numbers in the list are strictly greater than the given threshold."", ""trace"": [{""step_id"": 1, ""text"": ""Define the function count_greater that takes two parameters: nums (a list of integers) and threshold (an integer).""}, {""step_id"": 2, ""text"": ""Initialize a counter variable to zero.""}, {""step_id"": 3, ""text"": ""Iterate through each number in the nums list.""}, {""step_id"": 4, ""text"": ""If the current number is greater than the threshold, increment the counter.""}, {""step_id"": 5, ""text"": ""After the loop, return the counter as the result.""}]}, ""parse_ok"": true, ""trace"": [{""step_id"": 1, ""text"": ""Define the function count_greater that takes two parameters: nums (a list of integers) and threshold (an integer).""}, {""step_id"": 2, ""text"": ""Initialize a counter variable to zero.""}, {""step_id"": 3, ""text"": ""Iterate through each number in the nums list.""}, {""step_id"": 4, ""text"": ""If the current number is greater than the threshold, increment the counter.""}, {""step_id"": 5, ""text"": ""After the loop, return the counter as the result.""}]}",All unit tests passed.,{},,,,,,,,initial passed; no failed-only repair was run
code_10,code,Qwen/Qwen2.5-7B-Instruct,"{""code"": ""def reverse_words(sentence):\n    return ' '.join(reversed(sentence.split()))"", ""final_answer"": ""The function returns the words in the sentence reversed, separated by one space."", ""json"": {""code"": ""def reverse_words(sentence):\n    return ' '.join(reversed(sentence.split()))"", ""final_answer"": ""The function returns the words in the sentence reversed, separated by one space."", ""trace"": [{""step_id"": 1, ""text"": ""Define the function reverse_words that takes a single argument: sentence.""}, {""step_id"": 2, ""text"": ""Split the sentence into words using the split() method.""}, {""step_id"": 3, ""text"": ""Reverse the list of words using the reversed() function.""}, {""step_id"": 4, ""text"": ""Join the reversed words back into a string with a single space separator using the join() method.""}]}, ""parse_ok"": true, ""trace"": [{""step_id"": 1, ""text"": ""Define the function reverse_words that takes a single argument: sentence.""}, {""step_id"": 2, ""text"": ""Split the sentence into words using the split() method.""}, {""step_id"": 3, ""text"": ""Reverse the list of words using the reversed() function.""}, {""step_id"": 4, ""text"": ""Join the reversed words back into a string with a single space separator using the join() method.""}]}",All unit tests passed.,{},,,,,,,,initial passed; no failed-only repair was run
